Date,Start (ET),Visitor/Neutral,PTS,Home/Neutral,PTS.1,Unnamed: 6,Unnamed: 7,Attend.,LOG,Arena,Notes
Tue Oct 19 2021,7:30p,Brooklyn Nets,104,Milwaukee Bucks,127,Box Score,,17341.0,2:20,Fiserv Forum,
Tue Oct 19 2021,10:00p,Golden State Warriors,121,Los Angeles Lakers,114,Box Score,,18997.0,2:33,Crypto.com Arena,
Wed Oct 20 2021,7:00p,Indiana Pacers,122,Charlotte Hornets,123,Box Score,,15521.0,2:20,Spectrum Center,
Wed Oct 20 2021,7:00p,Chicago Bulls,94,Detroit Pistons,88,Box Score,,20088.0,2:09,Little Caesars Arena,
Wed Oct 20 2021,7:30p,Boston Celtics,134,New York Knicks,138,Box Score,2OT,19812.0,2:54,Madison Square Garden (IV),
Wed Oct 20 2021,7:30p,Washington Wizards,98,Toronto Raptors,83,Box Score,,19800.0,2:15,Scotiabank Arena,
Wed Oct 20 2021,8:00p,Cleveland Cavaliers,121,Memphis Grizzlies,132,Box Score,,15975.0,2:07,FedEx Forum,
Wed Oct 20 2021,8:00p,Houston Rockets,106,Minnesota Timberwolves,124,Box Score,,16079.0,2:12,Target Center,
Wed Oct 20 2021,8:00p,Philadelphia 76ers,117,New Orleans Pelicans,97,Box Score,,12845.0,2:04,Smoothie King Center,
Wed Oct 20 2021,8:30p,Orlando Magic,97,San Antonio Spurs,123,Box Score,,16697.0,2:13,AT&T Center,
Wed Oct 20 2021,9:00p,Oklahoma City Thunder,86,Utah Jazz,107,Box Score,,18306.0,2:04,Vivint Smart Home Arena,
Wed Oct 20 2021,10:00p,Sacramento Kings,124,Portland Trail Blazers,121,Box Score,,17467.0,2:18,Moda Center,
Wed Oct 20 2021,10:00p,Denver Nuggets,110,Phoenix Suns,98,Box Score,,16074.0,2:09,Phoenix Suns Arena,
Thu Oct 21 2021,7:30p,Dallas Mavericks,87,Atlanta Hawks,113,Box Score,,17162.0,2:08,State Farm Arena,
Thu Oct 21 2021,8:00p,Milwaukee Bucks,95,Miami Heat,137,Box Score,,19600.0,2:21,FTX Arena,
Thu Oct 21 2021,10:00p,Los Angeles Clippers,113,Golden State Warriors,115,Box Score,,18064.0,2:28,Chase Center,
Fri Oct 22 2021,7:00p,New York Knicks,121,Orlando Magic,96,Box Score,,18846.0,2:06,Amway Center,
Fri Oct 22 2021,7:00p,Indiana Pacers,134,Washington Wizards,135,Box Score,OT,15407.0,2:32,Capital One Arena,
Fri Oct 22 2021,7:00p,Charlotte Hornets,123,Cleveland Cavaliers,112,Box Score,,17116.0,2:05,Rocket Mortgage Fieldhouse,
Fri Oct 22 2021,7:30p,Toronto Raptors,115,Boston Celtics,83,Box Score,,19156.0,2:05,TD Garden,
Fri Oct 22 2021,7:30p,Brooklyn Nets,114,Philadelphia 76ers,109,Box Score,,20367.0,2:21,Wells Fargo Center,
Fri Oct 22 2021,8:00p,Oklahoma City Thunder,91,Houston Rockets,124,Box Score,,15674.0,2:02,Toyota Center,
Fri Oct 22 2021,8:00p,New Orleans Pelicans,112,Chicago Bulls,128,Box Score,,20995.0,2:04,United Center,
Fri Oct 22 2021,9:00p,San Antonio Spurs,96,Denver Nuggets,102,Box Score,,19520.0,2:07,Ball Arena,
Fri Oct 22 2021,10:00p,Phoenix Suns,115,Los Angeles Lakers,105,Box Score,,18997.0,2:25,Crypto.com Arena,
Fri Oct 22 2021,10:00p,Utah Jazz,110,Sacramento Kings,101,Box Score,,17583.0,2:18,Golden 1 Center,
Sat Oct 23 2021,6:00p,Atlanta Hawks,95,Cleveland Cavaliers,101,Box Score,,16846.0,2:14,Rocket Mortgage Fieldhouse,
Sat Oct 23 2021,7:00p,Miami Heat,91,Indiana Pacers,102,Box Score,OT,17147.0,2:32,Gainbridge Fieldhouse,
Sat Oct 23 2021,7:30p,Dallas Mavericks,103,Toronto Raptors,95,Box Score,,19800.0,2:13,Scotiabank Arena,
Sat Oct 23 2021,8:00p,Detroit Pistons,82,Chicago Bulls,97,Box Score,,18888.0,2:11,United Center,
Sat Oct 23 2021,8:00p,New Orleans Pelicans,89,Minnesota Timberwolves,96,Box Score,,15343.0,2:20,Target Center,
Sat Oct 23 2021,8:30p,Milwaukee Bucks,121,San Antonio Spurs,111,Box Score,,14353.0,2:09,AT&T Center,
Sat Oct 23 2021,10:00p,Phoenix Suns,105,Portland Trail Blazers,134,Box Score,,18558.0,1:59,Moda Center,
Sat Oct 23 2021,10:30p,Memphis Grizzlies,120,Los Angeles Clippers,114,Box Score,,16748.0,2:13,Crypto.com Arena,
Sun Oct 24 2021,4:00p,Charlotte Hornets,111,Brooklyn Nets,95,Box Score,,17732.0,2:02,Barclays Center,
Sun Oct 24 2021,7:00p,Boston Celtics,107,Houston Rockets,97,Box Score,,16069.0,2:14,Toyota Center,
Sun Oct 24 2021,7:00p,Orlando Magic,110,New York Knicks,104,Box Score,,16273.0,2:23,Madison Square Garden (IV),
Sun Oct 24 2021,7:00p,Philadelphia 76ers,115,Oklahoma City Thunder,103,Box Score,,14256.0,2:06,Paycom Center,
Sun Oct 24 2021,9:00p,Golden State Warriors,119,Sacramento Kings,107,Box Score,,13876.0,2:17,Golden 1 Center,
Sun Oct 24 2021,9:30p,Memphis Grizzlies,118,Los Angeles Lakers,121,Box Score,,18997.0,2:24,Crypto.com Arena,
Mon Oct 25 2021,7:00p,Boston Celtics,140,Charlotte Hornets,129,Box Score,OT,17238.0,2:29,Spectrum Center,
Mon Oct 25 2021,7:00p,Milwaukee Bucks,119,Indiana Pacers,109,Box Score,,10339.0,2:23,Gainbridge Fieldhouse,
Mon Oct 25 2021,7:30p,Chicago Bulls,111,Toronto Raptors,108,Box Score,,19800.0,2:16,Scotiabank Arena,
Mon Oct 25 2021,7:30p,Orlando Magic,90,Miami Heat,107,Box Score,,19600.0,2:12,FTX Arena,
Mon Oct 25 2021,7:30p,Washington Wizards,90,Brooklyn Nets,104,Box Score,,14487.0,2:06,Barclays Center,
Mon Oct 25 2021,7:30p,Detroit Pistons,104,Atlanta Hawks,122,Box Score,,14209.0,2:04,State Farm Arena,
Mon Oct 25 2021,8:00p,New Orleans Pelicans,107,Minnesota Timberwolves,98,Box Score,,14435.0,2:14,Target Center,
Mon Oct 25 2021,9:00p,Cleveland Cavaliers,99,Denver Nuggets,87,Box Score,,14221.0,2:06,Ball Arena,
Mon Oct 25 2021,10:30p,Portland Trail Blazers,86,Los Angeles Clippers,116,Box Score,,15672.0,2:10,Crypto.com Arena,
Tue Oct 26 2021,7:30p,Philadelphia 76ers,99,New York Knicks,112,Box Score,,15218.0,2:16,Madison Square Garden (IV),
Tue Oct 26 2021,8:00p,Golden State Warriors,106,Oklahoma City Thunder,98,Box Score,,0.0,2:11,Paycom Center,
Tue Oct 26 2021,8:30p,Los Angeles Lakers,125,San Antonio Spurs,121,Box Score,OT,18354.0,2:26,AT&T Center,
Tue Oct 26 2021,8:30p,Houston Rockets,106,Dallas Mavericks,116,Box Score,,19337.0,2:11,American Airlines Center,
Tue Oct 26 2021,10:00p,Denver Nuggets,110,Utah Jazz,122,Box Score,,18306.0,2:28,Vivint Smart Home Arena,
Wed Oct 27 2021,7:00p,Charlotte Hornets,120,Orlando Magic,111,Box Score,,14082.0,2:11,Amway Center,
Wed Oct 27 2021,7:30p,Washington Wizards,116,Boston Celtics,107,Box Score,,19156.0,2:18,TD Garden,
Wed Oct 27 2021,7:30p,Miami Heat,106,Brooklyn Nets,93,Box Score,,17732.0,2:13,Barclays Center,
Wed Oct 27 2021,7:30p,Indiana Pacers,100,Toronto Raptors,118,Box Score,,19800.0,2:14,Scotiabank Arena,
Wed Oct 27 2021,7:30p,Atlanta Hawks,102,New Orleans Pelicans,99,Box Score,,15541.0,2:16,Smoothie King Center,
Wed Oct 27 2021,8:00p,Minnesota Timberwolves,113,Milwaukee Bucks,108,Box Score,,17341.0,2:14,Fiserv Forum,
Wed Oct 27 2021,8:00p,Los Angeles Lakers,115,Oklahoma City Thunder,123,Box Score,,15783.0,2:25,Paycom Center,
Wed Oct 27 2021,10:00p,Sacramento Kings,110,Phoenix Suns,107,Box Score,,14678.0,2:09,Phoenix Suns Arena,
Wed Oct 27 2021,10:00p,Memphis Grizzlies,96,Portland Trail Blazers,116,Box Score,,16241.0,2:19,Moda Center,
Wed Oct 27 2021,10:30p,Cleveland Cavaliers,92,Los Angeles Clippers,79,Box Score,,13276.0,2:05,Crypto.com Arena,
Thu Oct 28 2021,7:00p,Atlanta Hawks,111,Washington Wizards,122,Box Score,,13653.0,2:16,Capital One Arena,
Thu Oct 28 2021,7:00p,Detroit Pistons,102,Philadelphia 76ers,110,Box Score,,20017.0,2:22,Wells Fargo Center,
Thu Oct 28 2021,8:00p,Utah Jazz,122,Houston Rockets,91,Box Score,,15858.0,2:14,Toyota Center,
Thu Oct 28 2021,8:00p,New York Knicks,104,Chicago Bulls,103,Box Score,,20972.0,2:20,United Center,
Thu Oct 28 2021,8:30p,San Antonio Spurs,99,Dallas Mavericks,104,Box Score,,19228.0,2:07,American Airlines Center,
Thu Oct 28 2021,10:00p,Memphis Grizzlies,104,Golden State Warriors,101,Box Score,OT,18064.0,2:23,Chase Center,
Fri Oct 29 2021,7:00p,Orlando Magic,109,Toronto Raptors,110,Box Score,,19800.0,2:16,Scotiabank Arena,
Fri Oct 29 2021,7:30p,Charlotte Hornets,99,Miami Heat,114,Box Score,,19600.0,2:18,FTX Arena,
Fri Oct 29 2021,7:30p,Indiana Pacers,98,Brooklyn Nets,105,Box Score,,16139.0,2:25,Barclays Center,
Fri Oct 29 2021,8:00p,Sacramento Kings,113,New Orleans Pelicans,109,Box Score,,17507.0,2:16,Smoothie King Center,
Fri Oct 29 2021,10:00p,Dallas Mavericks,75,Denver Nuggets,106,Box Score,,18315.0,2:17,Ball Arena,
Fri Oct 29 2021,10:00p,Los Angeles Clippers,92,Portland Trail Blazers,111,Box Score,,16510.0,2:07,Moda Center,
Fri Oct 29 2021,10:30p,Cleveland Cavaliers,101,Los Angeles Lakers,113,Box Score,,18997.0,2:09,Crypto.com Arena,
Sat Oct 30 2021,5:00p,Boston Celtics,112,Washington Wizards,115,Box Score,2OT,15813.0,2:58,Capital One Arena,
Sat Oct 30 2021,7:00p,Orlando Magic,103,Detroit Pistons,110,Box Score,,11423.0,2:12,Little Caesars Arena,
Sat Oct 30 2021,7:00p,New York Knicks,123,New Orleans Pelicans,117,Box Score,,16508.0,2:16,Smoothie King Center,
Sat Oct 30 2021,7:30p,Toronto Raptors,97,Indiana Pacers,94,Box Score,,10578.0,2:07,Gainbridge Fieldhouse,
Sat Oct 30 2021,7:30p,Atlanta Hawks,94,Philadelphia 76ers,122,Box Score,,20031.0,2:10,Wells Fargo Center,
Sat Oct 30 2021,8:00p,Utah Jazz,99,Chicago Bulls,107,Box Score,,20668.0,2:17,United Center,
Sat Oct 30 2021,8:00p,Miami Heat,129,Memphis Grizzlies,103,Box Score,,15989.0,2:10,FedEx Forum,
Sat Oct 30 2021,8:00p,San Antonio Spurs,102,Milwaukee Bucks,93,Box Score,,17341.0,2:11,Fiserv Forum,
Sat Oct 30 2021,8:30p,Oklahoma City Thunder,82,Golden State Warriors,103,Box Score,,18064.0,2:02,Chase Center,
Sat Oct 30 2021,9:00p,Denver Nuggets,93,Minnesota Timberwolves,91,Box Score,,17136.0,2:02,Target Center,
Sat Oct 30 2021,10:00p,Cleveland Cavaliers,92,Phoenix Suns,101,Box Score,,14516.0,2:06,Phoenix Suns Arena,
Sun Oct 31 2021,3:30p,Sacramento Kings,99,Dallas Mavericks,105,Box Score,,19231.0,2:07,American Airlines Center,
Sun Oct 31 2021,7:00p,Portland Trail Blazers,113,Charlotte Hornets,125,Box Score,,14960.0,2:03,Spectrum Center,
Sun Oct 31 2021,7:00p,Utah Jazz,107,Milwaukee Bucks,95,Box Score,,17341.0,2:10,Fiserv Forum,
Sun Oct 31 2021,7:30p,Detroit Pistons,91,Brooklyn Nets,117,Box Score,,13507.0,2:05,Barclays Center,
Sun Oct 31 2021,10:30p,Houston Rockets,85,Los Angeles Lakers,95,Box Score,,16448.0,2:13,Crypto.com Arena,
Mon Nov 1 2021,7:00p,Cleveland Cavaliers,113,Charlotte Hornets,110,Box Score,,13889.0,2:15,Spectrum Center,
Mon Nov 1 2021,7:00p,San Antonio Spurs,118,Indiana Pacers,131,Box Score,,10227.0,2:02,Gainbridge Fieldhouse,
Mon Nov 1 2021,7:00p,Portland Trail Blazers,103,Philadelphia 76ers,113,Box Score,,20115.0,2:04,Wells Fargo Center,
Mon Nov 1 2021,7:30p,Washington Wizards,111,Atlanta Hawks,118,Box Score,,14632.0,2:12,State Farm Arena,
Mon Nov 1 2021,7:30p,Chicago Bulls,128,Boston Celtics,114,Box Score,,19156.0,2:09,TD Garden,
Mon Nov 1 2021,7:30p,Toronto Raptors,113,New York Knicks,104,Box Score,,16528.0,2:05,Madison Square Garden (IV),
Mon Nov 1 2021,8:00p,Denver Nuggets,97,Memphis Grizzlies,106,Box Score,,12683.0,2:02,FedEx Forum,
Mon Nov 1 2021,8:00p,Orlando Magic,115,Minnesota Timberwolves,97,Box Score,,14744.0,2:19,Target Center,
Mon Nov 1 2021,10:30p,Oklahoma City Thunder,94,Los Angeles Clippers,99,Box Score,,13722.0,2:14,Crypto.com Arena,
Tue Nov 2 2021,7:00p,Milwaukee Bucks,117,Detroit Pistons,89,Box Score,,9254.0,2:11,Little Caesars Arena,
Tue Nov 2 2021,7:30p,Miami Heat,125,Dallas Mavericks,110,Box Score,,19255.0,2:21,American Airlines Center,
Tue Nov 2 2021,9:00p,Sacramento Kings,113,Utah Jazz,119,Box Score,,18306.0,2:28,Vivint Smart Home Arena,
Tue Nov 2 2021,10:00p,New Orleans Pelicans,100,Phoenix Suns,112,Box Score,,14323.0,2:11,Phoenix Suns Arena,
Tue Nov 2 2021,10:30p,Houston Rockets,117,Los Angeles Lakers,119,Box Score,,18997.0,2:17,Crypto.com Arena,
Wed Nov 3 2021,7:00p,Portland Trail Blazers,104,Cleveland Cavaliers,107,Box Score,,16231.0,2:06,Rocket Mortgage Fieldhouse,
Wed Nov 3 2021,7:00p,New York Knicks,98,Indiana Pacers,111,Box Score,,11607.0,2:11,Gainbridge Fieldhouse,
Wed Nov 3 2021,7:00p,Boston Celtics,92,Orlando Magic,79,Box Score,,12735.0,2:06,Amway Center,
Wed Nov 3 2021,7:00p,Chicago Bulls,98,Philadelphia 76ers,103,Box Score,,20438.0,2:13,Wells Fargo Center,
Wed Nov 3 2021,7:00p,Toronto Raptors,109,Washington Wizards,100,Box Score,,13538.0,2:14,Capital One Arena,
Wed Nov 3 2021,7:30p,Atlanta Hawks,108,Brooklyn Nets,117,Box Score,,17323.0,2:05,Barclays Center,
Wed Nov 3 2021,8:00p,Denver Nuggets,106,Memphis Grizzlies,108,Box Score,,12977.0,2:11,FedEx Forum,
Wed Nov 3 2021,8:00p,Los Angeles Clippers,126,Minnesota Timberwolves,115,Box Score,,15386.0,2:10,Target Center,
Wed Nov 3 2021,8:30p,Dallas Mavericks,109,San Antonio Spurs,108,Box Score,,16356.0,2:26,AT&T Center,
Wed Nov 3 2021,10:00p,Charlotte Hornets,92,Golden State Warriors,114,Box Score,,18064.0,2:16,Chase Center,
Wed Nov 3 2021,10:00p,New Orleans Pelicans,99,Sacramento Kings,112,Box Score,,0.0,2:10,Golden 1 Center,
Thu Nov 4 2021,7:00p,Philadelphia 76ers,109,Detroit Pistons,98,Box Score,,8702.0,2:12,Little Caesars Arena,
Thu Nov 4 2021,7:30p,Utah Jazz,116,Atlanta Hawks,98,Box Score,,16590.0,2:12,State Farm Arena,
Thu Nov 4 2021,7:30p,Boston Celtics,95,Miami Heat,78,Box Score,,19600.0,2:13,FTX Arena,
Thu Nov 4 2021,10:00p,Houston Rockets,111,Phoenix Suns,123,Box Score,,15058.0,2:08,Phoenix Suns Arena,
Thu Nov 4 2021,10:30p,Oklahoma City Thunder,107,Los Angeles Lakers,104,Box Score,,18997.0,2:15,Crypto.com Arena,
Fri Nov 5 2021,7:00p,Brooklyn Nets,96,Detroit Pistons,90,Box Score,,14235.0,2:18,Little Caesars Arena,
Fri Nov 5 2021,7:00p,San Antonio Spurs,102,Orlando Magic,89,Box Score,,14101.0,2:01,Amway Center,
Fri Nov 5 2021,7:00p,Memphis Grizzlies,87,Washington Wizards,115,Box Score,,16302.0,2:06,Capital One Arena,
Fri Nov 5 2021,7:30p,New York Knicks,113,Milwaukee Bucks,98,Box Score,,17341.0,2:14,Fiserv Forum,
Fri Nov 5 2021,7:30p,Cleveland Cavaliers,102,Toronto Raptors,101,Box Score,,19800.0,2:10,Scotiabank Arena,
Fri Nov 5 2021,8:00p,Los Angeles Clippers,104,Minnesota Timberwolves,84,Box Score,,17136.0,2:15,Target Center,
Fri Nov 5 2021,10:00p,New Orleans Pelicans,85,Golden State Warriors,126,Box Score,,18064.0,2:18,Chase Center,
Fri Nov 5 2021,10:00p,Indiana Pacers,106,Portland Trail Blazers,110,Box Score,,16841.0,2:04,Moda Center,
Fri Nov 5 2021,10:00p,Charlotte Hornets,110,Sacramento Kings,140,Box Score,,14905.0,2:07,Golden 1 Center,
Sat Nov 6 2021,5:00p,Houston Rockets,94,Denver Nuggets,95,Box Score,,16046.0,2:09,Ball Arena,
Sat Nov 6 2021,7:30p,Utah Jazz,115,Miami Heat,118,Box Score,,19600.0,2:16,FTX Arena,
Sat Nov 6 2021,8:00p,Philadelphia 76ers,114,Chicago Bulls,105,Box Score,,20936.0,2:16,United Center,
Sat Nov 6 2021,8:30p,Boston Celtics,104,Dallas Mavericks,107,Box Score,,20052.0,2:07,American Airlines Center,
Sat Nov 6 2021,10:00p,Atlanta Hawks,117,Phoenix Suns,121,Box Score,,15412.0,2:11,Phoenix Suns Arena,
Sat Nov 6 2021,10:30p,Los Angeles Lakers,90,Portland Trail Blazers,105,Box Score,,19393.0,2:06,Moda Center,
Sun Nov 7 2021,3:30p,Brooklyn Nets,116,Toronto Raptors,103,Box Score,,19800.0,2:01,Scotiabank Arena,
Sun Nov 7 2021,6:00p,Cleveland Cavaliers,126,New York Knicks,109,Box Score,,19040.0,2:05,Madison Square Garden (IV),
Sun Nov 7 2021,6:00p,Utah Jazz,100,Orlando Magic,107,Box Score,,13386.0,2:10,Amway Center,
Sun Nov 7 2021,6:00p,Indiana Pacers,94,Sacramento Kings,91,Box Score,,12993.0,2:15,Golden 1 Center,
Sun Nov 7 2021,6:00p,Milwaukee Bucks,94,Washington Wizards,101,Box Score,,15570.0,2:12,Capital One Arena,
Sun Nov 7 2021,7:00p,San Antonio Spurs,94,Oklahoma City Thunder,99,Box Score,,12972.0,2:02,Paycom Center,
Sun Nov 7 2021,8:30p,Houston Rockets,107,Golden State Warriors,120,Box Score,,18064.0,2:11,Chase Center,
Sun Nov 7 2021,9:00p,Charlotte Hornets,106,Los Angeles Clippers,120,Box Score,,15781.0,2:25,Crypto.com Arena,
Mon Nov 8 2021,7:00p,New York Knicks,103,Philadelphia 76ers,96,Box Score,,20224.0,2:04,Wells Fargo Center,
Mon Nov 8 2021,8:00p,Brooklyn Nets,95,Chicago Bulls,118,Box Score,,19459.0,2:08,United Center,
Mon Nov 8 2021,8:00p,Minnesota Timberwolves,118,Memphis Grizzlies,125,Box Score,OT,12416.0,2:36,FedEx Forum,
Mon Nov 8 2021,8:30p,New Orleans Pelicans,92,Dallas Mavericks,108,Box Score,,19231.0,2:05,American Airlines Center,
Mon Nov 8 2021,9:00p,Miami Heat,96,Denver Nuggets,113,Box Score,,15577.0,2:26,Ball Arena,
Mon Nov 8 2021,10:00p,Atlanta Hawks,113,Golden State Warriors,127,Box Score,,18064.0,2:17,Chase Center,
Mon Nov 8 2021,10:00p,Phoenix Suns,109,Sacramento Kings,104,Box Score,,13566.0,2:14,Golden 1 Center,
Mon Nov 8 2021,10:30p,Charlotte Hornets,123,Los Angeles Lakers,126,Box Score,OT,18997.0,2:44,Crypto.com Arena,
Tue Nov 9 2021,7:30p,Milwaukee Bucks,118,Philadelphia 76ers,109,Box Score,,20029.0,2:14,Wells Fargo Center,
Tue Nov 9 2021,9:00p,Atlanta Hawks,98,Utah Jazz,110,Box Score,,18306.0,2:06,Vivint Smart Home Arena,
Tue Nov 9 2021,10:00p,Portland Trail Blazers,109,Los Angeles Clippers,117,Box Score,,14131.0,2:08,Crypto.com Arena,
Wed Nov 10 2021,7:00p,Washington Wizards,97,Cleveland Cavaliers,94,Box Score,,18056.0,2:19,Rocket Mortgage Fieldhouse,
Wed Nov 10 2021,7:00p,Brooklyn Nets,123,Orlando Magic,90,Box Score,,13882.0,2:06,Amway Center,
Wed Nov 10 2021,7:30p,Toronto Raptors,88,Boston Celtics,104,Box Score,,19156.0,2:12,TD Garden,
Wed Nov 10 2021,7:30p,Detroit Pistons,112,Houston Rockets,104,Box Score,,15350.0,2:27,Toyota Center,
Wed Nov 10 2021,7:30p,Milwaukee Bucks,112,New York Knicks,100,Box Score,,18027.0,2:07,Madison Square Garden (IV),
Wed Nov 10 2021,8:00p,Dallas Mavericks,107,Chicago Bulls,117,Box Score,,20910.0,2:08,United Center,
Wed Nov 10 2021,8:00p,Charlotte Hornets,118,Memphis Grizzlies,108,Box Score,,13880.0,2:09,FedEx Forum,
Wed Nov 10 2021,8:00p,Oklahoma City Thunder,108,New Orleans Pelicans,100,Box Score,,15355.0,2:24,Smoothie King Center,
Wed Nov 10 2021,8:30p,Sacramento Kings,117,San Antonio Spurs,136,Box Score,,15065.0,2:09,AT&T Center,
Wed Nov 10 2021,9:00p,Indiana Pacers,98,Denver Nuggets,101,Box Score,,15232.0,2:14,Ball Arena,
Wed Nov 10 2021,9:00p,Portland Trail Blazers,109,Phoenix Suns,119,Box Score,,15672.0,2:08,Phoenix Suns Arena,
Wed Nov 10 2021,10:00p,Minnesota Timberwolves,110,Golden State Warriors,123,Box Score,,18064.0,2:25,Chase Center,
Wed Nov 10 2021,10:00p,Miami Heat,117,Los Angeles Lakers,120,Box Score,OT,18997.0,2:45,Crypto.com Arena,
Thu Nov 11 2021,7:00p,Toronto Raptors,115,Philadelphia 76ers,109,Box Score,,20112.0,2:12,Wells Fargo Center,
Thu Nov 11 2021,9:00p,Indiana Pacers,111,Utah Jazz,100,Box Score,,18306.0,2:13,Vivint Smart Home Arena,
Thu Nov 11 2021,10:30p,Miami Heat,109,Los Angeles Clippers,112,Box Score,,16150.0,2:12,Crypto.com Arena,
Fri Nov 12 2021,7:00p,New York Knicks,96,Charlotte Hornets,104,Box Score,,19257.0,2:15,Spectrum Center,
Fri Nov 12 2021,7:30p,Milwaukee Bucks,113,Boston Celtics,122,Box Score,OT,19156.0,2:21,TD Garden,
Fri Nov 12 2021,7:30p,Detroit Pistons,78,Cleveland Cavaliers,98,Box Score,,17095.0,1:58,Rocket Mortgage Fieldhouse,
Fri Nov 12 2021,8:00p,Portland Trail Blazers,104,Houston Rockets,92,Box Score,,15468.0,2:13,Toyota Center,
Fri Nov 12 2021,8:00p,Phoenix Suns,119,Memphis Grizzlies,94,Box Score,,15886.0,2:03,FedEx Forum,
Fri Nov 12 2021,8:00p,Brooklyn Nets,120,New Orleans Pelicans,112,Box Score,,14650.0,2:13,Smoothie King Center,
Fri Nov 12 2021,8:00p,Sacramento Kings,103,Oklahoma City Thunder,105,Box Score,,12881.0,2:08,Paycom Center,
Fri Nov 12 2021,8:30p,Dallas Mavericks,123,San Antonio Spurs,109,Box Score,,13425.0,2:04,AT&T Center,
Fri Nov 12 2021,9:00p,Atlanta Hawks,96,Denver Nuggets,105,Box Score,,16849.0,2:07,Ball Arena,
Fri Nov 12 2021,10:00p,Chicago Bulls,93,Golden State Warriors,119,Box Score,,18064.0,2:12,Chase Center,
Fri Nov 12 2021,10:30p,Minnesota Timberwolves,107,Los Angeles Lakers,83,Box Score,,18997.0,2:15,Crypto.com Arena,
Sat Nov 13 2021,5:00p,Miami Heat,111,Utah Jazz,105,Box Score,,18306.0,2:29,Vivint Smart Home Arena,
Sat Nov 13 2021,7:00p,Philadelphia 76ers,113,Indiana Pacers,118,Box Score,,14483.0,2:13,Gainbridge Fieldhouse,
Sat Nov 13 2021,7:00p,Memphis Grizzlies,101,New Orleans Pelicans,112,Box Score,,14358.0,2:13,Smoothie King Center,
Sat Nov 13 2021,7:00p,Washington Wizards,104,Orlando Magic,92,Box Score,,17272.0,2:03,Amway Center,
Sat Nov 13 2021,7:30p,Detroit Pistons,127,Toronto Raptors,121,Box Score,,19800.0,2:21,Scotiabank Arena,
Sat Nov 13 2021,8:00p,Boston Celtics,89,Cleveland Cavaliers,91,Box Score,,19432.0,2:09,Rocket Mortgage Fieldhouse,
Sat Nov 13 2021,10:30p,Minnesota Timberwolves,102,Los Angeles Clippers,129,Box Score,,15285.0,1:56,Crypto.com Arena,
Sun Nov 14 2021,3:30p,San Antonio Spurs,106,Los Angeles Lakers,114,Box Score,,18997.0,2:05,Crypto.com Arena,
Sun Nov 14 2021,6:00p,Milwaukee Bucks,100,Atlanta Hawks,120,Box Score,,16901.0,2:04,State Farm Arena,
Sun Nov 14 2021,7:00p,Golden State Warriors,102,Charlotte Hornets,106,Box Score,,19559.0,2:14,Spectrum Center,
Sun Nov 14 2021,7:00p,Phoenix Suns,115,Houston Rockets,89,Box Score,,16088.0,2:10,Toyota Center,
Sun Nov 14 2021,7:00p,Brooklyn Nets,120,Oklahoma City Thunder,96,Box Score,,15080.0,2:01,Paycom Center,
Sun Nov 14 2021,8:00p,Portland Trail Blazers,95,Denver Nuggets,124,Box Score,,14583.0,1:56,Ball Arena,
Sun Nov 14 2021,9:30p,Chicago Bulls,100,Los Angeles Clippers,90,Box Score,,17899.0,2:10,Crypto.com Arena,
Mon Nov 15 2021,7:00p,Boston Celtics,98,Cleveland Cavaliers,92,Box Score,,17186.0,2:09,Rocket Mortgage Fieldhouse,
Mon Nov 15 2021,7:00p,Sacramento Kings,129,Detroit Pistons,107,Box Score,,10092.0,2:02,Little Caesars Arena,
Mon Nov 15 2021,7:00p,New Orleans Pelicans,100,Washington Wizards,105,Box Score,,13914.0,2:21,Capital One Arena,
Mon Nov 15 2021,7:30p,Orlando Magic,111,Atlanta Hawks,129,Box Score,,13061.0,2:11,State Farm Arena,
Mon Nov 15 2021,7:30p,Indiana Pacers,84,New York Knicks,92,Box Score,,16792.0,2:05,Madison Square Garden (IV),
Mon Nov 15 2021,8:00p,Denver Nuggets,101,Dallas Mavericks,111,Box Score,,19797.0,2:08,American Airlines Center,
Mon Nov 15 2021,8:00p,Houston Rockets,102,Memphis Grizzlies,136,Box Score,,11482.0,2:04,FedEx Forum,
Mon Nov 15 2021,8:00p,Phoenix Suns,99,Minnesota Timberwolves,96,Box Score,,16274.0,2:23,Target Center,
Mon Nov 15 2021,8:00p,Miami Heat,103,Oklahoma City Thunder,90,Box Score,,12330.0,2:05,Paycom Center,
Mon Nov 15 2021,10:00p,Toronto Raptors,113,Portland Trail Blazers,118,Box Score,,16142.0,2:07,Moda Center,
Mon Nov 15 2021,10:30p,Chicago Bulls,121,Los Angeles Lakers,103,Box Score,,18997.0,2:17,Crypto.com Arena,
Tue Nov 16 2021,7:30p,Golden State Warriors,117,Brooklyn Nets,99,Box Score,,17732.0,2:22,Barclays Center,
Tue Nov 16 2021,10:00p,Philadelphia 76ers,85,Utah Jazz,120,Box Score,,18306.0,2:10,Vivint Smart Home Arena,
Tue Nov 16 2021,10:30p,San Antonio Spurs,92,Los Angeles Clippers,106,Box Score,,13298.0,2:00,Crypto.com Arena,
Wed Nov 17 2021,7:00p,Washington Wizards,87,Charlotte Hornets,97,Box Score,,14402.0,1:59,Spectrum Center,
Wed Nov 17 2021,7:00p,Indiana Pacers,89,Detroit Pistons,97,Box Score,,11457.0,2:16,Little Caesars Arena,
Wed Nov 17 2021,7:30p,Boston Celtics,99,Atlanta Hawks,110,Box Score,,16445.0,2:02,State Farm Arena,
Wed Nov 17 2021,7:30p,Cleveland Cavaliers,99,Brooklyn Nets,109,Box Score,,16922.0,2:07,Barclays Center,
Wed Nov 17 2021,7:30p,New Orleans Pelicans,98,Miami Heat,113,Box Score,,19600.0,2:14,FTX Arena,
Wed Nov 17 2021,7:30p,Los Angeles Lakers,102,Milwaukee Bucks,109,Box Score,,17341.0,2:12,Fiserv Forum,
Wed Nov 17 2021,7:30p,Orlando Magic,104,New York Knicks,98,Box Score,,16680.0,2:10,Madison Square Garden (IV),
Wed Nov 17 2021,8:00p,Sacramento Kings,97,Minnesota Timberwolves,107,Box Score,,13108.0,2:17,Target Center,
Wed Nov 17 2021,8:00p,Houston Rockets,89,Oklahoma City Thunder,101,Box Score,,12066.0,2:09,Paycom Center,
Wed Nov 17 2021,10:00p,Dallas Mavericks,98,Phoenix Suns,105,Box Score,,14838.0,2:05,Phoenix Suns Arena,
Wed Nov 17 2021,10:00p,Chicago Bulls,107,Portland Trail Blazers,112,Box Score,,17492.0,2:15,Moda Center,
Thu Nov 18 2021,7:30p,Golden State Warriors,104,Cleveland Cavaliers,89,Box Score,,19432.0,2:08,Rocket Mortgage Fieldhouse,
Thu Nov 18 2021,7:30p,Washington Wizards,97,Miami Heat,112,Box Score,,19600.0,2:01,FTX Arena,
Thu Nov 18 2021,8:00p,Los Angeles Clippers,108,Memphis Grizzlies,120,Box Score,,13419.0,2:00,FedEx Forum,
Thu Nov 18 2021,8:00p,San Antonio Spurs,90,Minnesota Timberwolves,115,Box Score,,13572.0,2:02,Target Center,
Thu Nov 18 2021,9:00p,Philadelphia 76ers,103,Denver Nuggets,89,Box Score,,14547.0,2:03,Ball Arena,
Thu Nov 18 2021,9:00p,Toronto Raptors,103,Utah Jazz,119,Box Score,,18306.0,2:03,Vivint Smart Home Arena,
Fri Nov 19 2021,7:00p,Indiana Pacers,118,Charlotte Hornets,121,Box Score,,16787.0,2:27,Spectrum Center,
Fri Nov 19 2021,7:00p,Golden State Warriors,105,Detroit Pistons,102,Box Score,,20088.0,2:16,Little Caesars Arena,
Fri Nov 19 2021,7:30p,Los Angeles Lakers,108,Boston Celtics,130,Box Score,,19156.0,2:22,TD Garden,
Fri Nov 19 2021,7:30p,Orlando Magic,113,Brooklyn Nets,115,Box Score,,16966.0,2:23,Barclays Center,
Fri Nov 19 2021,8:00p,Oklahoma City Thunder,89,Milwaukee Bucks,96,Box Score,,17341.0,2:11,Fiserv Forum,
Fri Nov 19 2021,8:00p,Los Angeles Clippers,81,New Orleans Pelicans,94,Box Score,,15274.0,1:55,Smoothie King Center,
Fri Nov 19 2021,9:00p,Chicago Bulls,114,Denver Nuggets,108,Box Score,,19520.0,2:12,Ball Arena,
Fri Nov 19 2021,10:00p,Dallas Mavericks,104,Phoenix Suns,112,Box Score,,17071.0,2:14,Phoenix Suns Arena,
Fri Nov 19 2021,10:00p,Toronto Raptors,108,Sacramento Kings,89,Box Score,,13159.0,2:08,Golden 1 Center,
Sat Nov 20 2021,5:00p,Houston Rockets,99,New York Knicks,106,Box Score,,19812.0,2:24,Madison Square Garden (IV),
Sat Nov 20 2021,7:00p,New Orleans Pelicans,94,Indiana Pacers,111,Box Score,,15081.0,2:03,Gainbridge Fieldhouse,
Sat Nov 20 2021,7:00p,Miami Heat,100,Washington Wizards,103,Box Score,,20476.0,2:21,Capital One Arena,
Sat Nov 20 2021,7:30p,Charlotte Hornets,105,Atlanta Hawks,115,Box Score,,17320.0,2:08,State Farm Arena,
Sat Nov 20 2021,7:30p,Oklahoma City Thunder,105,Boston Celtics,111,Box Score,,19156.0,1:58,TD Garden,
Sat Nov 20 2021,8:00p,Orlando Magic,108,Milwaukee Bucks,117,Box Score,,17341.0,2:17,Fiserv Forum,
Sat Nov 20 2021,8:00p,Memphis Grizzlies,95,Minnesota Timberwolves,138,Box Score,,17136.0,2:20,Target Center,
Sat Nov 20 2021,10:00p,Philadelphia 76ers,111,Portland Trail Blazers,118,Box Score,,17027.0,2:16,Moda Center,
Sat Nov 20 2021,10:00p,Utah Jazz,123,Sacramento Kings,105,Box Score,,13180.0,2:20,Golden 1 Center,
Sun Nov 21 2021,3:30p,Dallas Mavericks,91,Los Angeles Clippers,97,Box Score,,17149.0,2:14,Crypto.com Arena,
Sun Nov 21 2021,6:00p,Los Angeles Lakers,121,Detroit Pistons,116,Box Score,,15532.0,2:34,Little Caesars Arena,
Sun Nov 21 2021,8:00p,New York Knicks,103,Chicago Bulls,109,Box Score,,21813.0,2:23,United Center,
Sun Nov 21 2021,8:00p,Denver Nuggets,97,Phoenix Suns,126,Box Score,,16072.0,2:14,Phoenix Suns Arena,
Sun Nov 21 2021,8:30p,Toronto Raptors,104,Golden State Warriors,119,Box Score,,18064.0,2:08,Chase Center,
Mon Nov 22 2021,7:00p,Brooklyn Nets,117,Cleveland Cavaliers,112,Box Score,,17387.0,2:18,Rocket Mortgage Fieldhouse,
Mon Nov 22 2021,7:00p,Charlotte Hornets,109,Washington Wizards,103,Box Score,,16575.0,2:18,Capital One Arena,
Mon Nov 22 2021,7:30p,Oklahoma City Thunder,101,Atlanta Hawks,113,Box Score,,15806.0,1:58,State Farm Arena,
Mon Nov 22 2021,7:30p,Houston Rockets,90,Boston Celtics,108,Box Score,,19156.0,2:08,TD Garden,
Mon Nov 22 2021,8:00p,Indiana Pacers,109,Chicago Bulls,77,Box Score,,21586.0,1:59,United Center,
Mon Nov 22 2021,8:00p,Orlando Magic,92,Milwaukee Bucks,123,Box Score,,17341.0,2:05,Fiserv Forum,
Mon Nov 22 2021,8:00p,Minnesota Timberwolves,110,New Orleans Pelicans,96,Box Score,,15689.0,2:10,Smoothie King Center,
Mon Nov 22 2021,8:30p,Phoenix Suns,115,San Antonio Spurs,111,Box Score,,14715.0,2:11,AT&T Center,
Mon Nov 22 2021,9:00p,Memphis Grizzlies,119,Utah Jazz,118,Box Score,,18306.0,2:17,Vivint Smart Home Arena,
Mon Nov 22 2021,10:00p,Philadelphia 76ers,102,Sacramento Kings,94,Box Score,,13948.0,2:12,Golden 1 Center,
Tue Nov 23 2021,7:00p,Miami Heat,100,Detroit Pistons,92,Box Score,,13123.0,2:14,Little Caesars Arena,
Tue Nov 23 2021,7:30p,Los Angeles Lakers,100,New York Knicks,106,Box Score,,19812.0,2:26,Madison Square Garden (IV),
Tue Nov 23 2021,10:00p,Denver Nuggets,100,Portland Trail Blazers,119,Box Score,,17052.0,2:10,Moda Center,
Tue Nov 23 2021,10:30p,Dallas Mavericks,112,Los Angeles Clippers,104,Box Score,OT,17067.0,2:42,Crypto.com Arena,
Wed Nov 24 2021,7:00p,Phoenix Suns,120,Cleveland Cavaliers,115,Box Score,,18055.0,2:20,Rocket Mortgage Fieldhouse,
Wed Nov 24 2021,7:00p,Los Angeles Lakers,124,Indiana Pacers,116,Box Score,OT,15572.0,2:43,Gainbridge Fieldhouse,
Wed Nov 24 2021,7:00p,Charlotte Hornets,106,Orlando Magic,99,Box Score,,16114.0,2:04,Amway Center,
Wed Nov 24 2021,7:30p,Brooklyn Nets,123,Boston Celtics,104,Box Score,,19156.0,2:20,TD Garden,
Wed Nov 24 2021,8:00p,Chicago Bulls,113,Houston Rockets,118,Box Score,,16074.0,2:17,Toyota Center,
Wed Nov 24 2021,8:00p,Toronto Raptors,126,Memphis Grizzlies,113,Box Score,,15409.0,2:13,FedEx Forum,
Wed Nov 24 2021,8:00p,Detroit Pistons,93,Milwaukee Bucks,114,Box Score,,17341.0,2:04,Fiserv Forum,
Wed Nov 24 2021,8:00p,Miami Heat,101,Minnesota Timberwolves,113,Box Score,,17136.0,2:28,Target Center,
Wed Nov 24 2021,8:00p,Washington Wizards,102,New Orleans Pelicans,127,Box Score,,14659.0,2:18,Smoothie King Center,
Wed Nov 24 2021,8:00p,Utah Jazz,110,Oklahoma City Thunder,104,Box Score,,14081.0,2:08,Paycom Center,
Wed Nov 24 2021,8:30p,Atlanta Hawks,124,San Antonio Spurs,106,Box Score,,13161.0,1:57,AT&T Center,
Wed Nov 24 2021,10:00p,Philadelphia 76ers,96,Golden State Warriors,116,Box Score,,18064.0,2:30,Chase Center,
Wed Nov 24 2021,10:00p,Portland Trail Blazers,121,Sacramento Kings,125,Box Score,,14997.0,2:28,Golden 1 Center,
Fri Nov 26 2021,3:30p,Detroit Pistons,96,Los Angeles Clippers,107,Box Score,,18139.0,2:08,Crypto.com Arena,
Fri Nov 26 2021,7:00p,Minnesota Timberwolves,115,Charlotte Hornets,133,Box Score,,19314.0,2:04,Spectrum Center,
Fri Nov 26 2021,7:00p,Phoenix Suns,118,New York Knicks,97,Box Score,,19812.0,2:07,Madison Square Garden (IV),
Fri Nov 26 2021,7:00p,Chicago Bulls,123,Orlando Magic,88,Box Score,,18236.0,2:09,Amway Center,
Fri Nov 26 2021,8:00p,Toronto Raptors,97,Indiana Pacers,114,Box Score,,13508.0,2:06,Gainbridge Fieldhouse,
Fri Nov 26 2021,8:00p,Atlanta Hawks,132,Memphis Grizzlies,100,Box Score,,16622.0,2:03,FedEx Forum,
Fri Nov 26 2021,8:00p,Washington Wizards,101,Oklahoma City Thunder,99,Box Score,,14579.0,2:06,Paycom Center,
Fri Nov 26 2021,8:30p,Boston Celtics,88,San Antonio Spurs,96,Box Score,,15360.0,2:14,AT&T Center,
Fri Nov 26 2021,9:00p,Milwaukee Bucks,120,Denver Nuggets,109,Box Score,,19520.0,2:10,Ball Arena,
Fri Nov 26 2021,9:00p,New Orleans Pelicans,98,Utah Jazz,97,Box Score,,18306.0,2:19,Vivint Smart Home Arena,
Fri Nov 26 2021,10:00p,Portland Trail Blazers,103,Golden State Warriors,118,Box Score,,18064.0,2:09,Chase Center,
Fri Nov 26 2021,10:30p,Sacramento Kings,141,Los Angeles Lakers,137,Box Score,3OT,18997.0,3:03,Crypto.com Arena,
Sat Nov 27 2021,6:00p,Minnesota Timberwolves,121,Philadelphia 76ers,120,Box Score,2OT,21011.0,2:57,Wells Fargo Center,
Sat Nov 27 2021,7:30p,New York Knicks,99,Atlanta Hawks,90,Box Score,,17287.0,2:02,State Farm Arena,
Sat Nov 27 2021,7:30p,Phoenix Suns,113,Brooklyn Nets,107,Box Score,,18071.0,2:06,Barclays Center,
Sat Nov 27 2021,8:00p,Miami Heat,107,Chicago Bulls,104,Box Score,,21110.0,2:19,United Center,
Sat Nov 27 2021,8:00p,Orlando Magic,92,Cleveland Cavaliers,105,Box Score,,18248.0,2:00,Rocket Mortgage Fieldhouse,
Sat Nov 27 2021,8:00p,Charlotte Hornets,143,Houston Rockets,146,Box Score,OT,14687.0,2:43,Toyota Center,
Sat Nov 27 2021,8:30p,Washington Wizards,120,Dallas Mavericks,114,Box Score,,20223.0,2:10,American Airlines Center,
Sat Nov 27 2021,9:00p,New Orleans Pelicans,105,Utah Jazz,127,Box Score,,18306.0,2:10,Vivint Smart Home Arena,
Sun Nov 28 2021,3:30p,Golden State Warriors,105,Los Angeles Clippers,90,Box Score,,19068.0,2:17,Crypto.com Arena,
Sun Nov 28 2021,5:00p,Milwaukee Bucks,118,Indiana Pacers,100,Box Score,,13130.0,2:07,Gainbridge Fieldhouse,
Sun Nov 28 2021,6:00p,Sacramento Kings,101,Memphis Grizzlies,128,Box Score,,12844.0,2:12,FedEx Forum,
Sun Nov 28 2021,6:00p,Boston Celtics,109,Toronto Raptors,97,Box Score,,19800.0,2:11,Scotiabank Arena,
Sun Nov 28 2021,9:30p,Detroit Pistons,106,Los Angeles Lakers,110,Box Score,,18997.0,2:17,Crypto.com Arena,
Mon Nov 29 2021,7:00p,Orlando Magic,96,Philadelphia 76ers,101,Box Score,,20193.0,2:03,Wells Fargo Center,
Mon Nov 29 2021,7:30p,Denver Nuggets,120,Miami Heat,111,Box Score,,19600.0,2:04,FTX Arena,
Mon Nov 29 2021,8:00p,Charlotte Hornets,119,Chicago Bulls,133,Box Score,,21366.0,2:06,United Center,
Mon Nov 29 2021,8:00p,Oklahoma City Thunder,89,Houston Rockets,102,Box Score,,12829.0,2:04,Toyota Center,
Mon Nov 29 2021,8:00p,Indiana Pacers,98,Minnesota Timberwolves,100,Box Score,,14191.0,2:18,Target Center,
Mon Nov 29 2021,8:30p,Cleveland Cavaliers,114,Dallas Mavericks,96,Box Score,,19229.0,2:01,American Airlines Center,
Mon Nov 29 2021,8:30p,Washington Wizards,99,San Antonio Spurs,116,Box Score,,12606.0,2:03,AT&T Center,
Mon Nov 29 2021,9:00p,Portland Trail Blazers,107,Utah Jazz,129,Box Score,,18306.0,2:06,Vivint Smart Home Arena,
Mon Nov 29 2021,10:30p,New Orleans Pelicans,123,Los Angeles Clippers,104,Box Score,,15691.0,2:02,Crypto.com Arena,
Tue Nov 30 2021,7:30p,New York Knicks,110,Brooklyn Nets,112,Box Score,,18081.0,2:22,Barclays Center,
Tue Nov 30 2021,7:30p,Memphis Grizzlies,98,Toronto Raptors,91,Box Score,,19800.0,2:13,Scotiabank Arena,
Tue Nov 30 2021,10:00p,Golden State Warriors,96,Phoenix Suns,104,Box Score,,17071.0,2:14,Phoenix Suns Arena,
Tue Nov 30 2021,10:00p,Detroit Pistons,92,Portland Trail Blazers,110,Box Score,,16071.0,2:17,Moda Center,
Tue Nov 30 2021,10:00p,Los Angeles Lakers,117,Sacramento Kings,92,Box Score,,12459.0,2:11,Golden 1 Center,
Wed Dec 1 2021,7:00p,Atlanta Hawks,114,Indiana Pacers,111,Box Score,,12656.0,2:08,Gainbridge Fieldhouse,
Wed Dec 1 2021,7:00p,Denver Nuggets,103,Orlando Magic,108,Box Score,,14191.0,2:13,Amway Center,
Wed Dec 1 2021,7:00p,Minnesota Timberwolves,107,Washington Wizards,115,Box Score,,15318.0,2:19,Capital One Arena,
Wed Dec 1 2021,7:30p,Philadelphia 76ers,87,Boston Celtics,88,Box Score,,19156.0,2:18,TD Garden,
Wed Dec 1 2021,7:30p,Cleveland Cavaliers,111,Miami Heat,85,Box Score,,19600.0,2:04,FTX Arena,
Wed Dec 1 2021,8:00p,Charlotte Hornets,125,Milwaukee Bucks,127,Box Score,,17341.0,2:23,Fiserv Forum,
Wed Dec 1 2021,8:00p,Dallas Mavericks,139,New Orleans Pelicans,107,Box Score,,15558.0,1:58,Smoothie King Center,
Wed Dec 1 2021,8:00p,Houston Rockets,114,Oklahoma City Thunder,110,Box Score,,13222.0,2:19,Paycom Center,
Wed Dec 1 2021,10:30p,Sacramento Kings,124,Los Angeles Clippers,115,Box Score,,17217.0,2:07,Crypto.com Arena,
Thu Dec 2 2021,7:30p,Chicago Bulls,119,New York Knicks,115,Box Score,,19812.0,2:16,Madison Square Garden (IV),
Thu Dec 2 2021,7:30p,Milwaukee Bucks,93,Toronto Raptors,97,Box Score,,19800.0,2:17,Scotiabank Arena,
Thu Dec 2 2021,8:00p,Oklahoma City Thunder,79,Memphis Grizzlies,152,Box Score,,13103.0,1:58,FedEx Forum,
Thu Dec 2 2021,9:00p,Detroit Pistons,103,Phoenix Suns,114,Box Score,,0.0,2:10,Phoenix Suns Arena,
Thu Dec 2 2021,10:00p,San Antonio Spurs,114,Portland Trail Blazers,83,Box Score,,16143.0,2:02,Moda Center,
Fri Dec 3 2021,7:00p,Miami Heat,113,Indiana Pacers,104,Box Score,,13854.0,2:21,Gainbridge Fieldhouse,
Fri Dec 3 2021,7:00p,Cleveland Cavaliers,116,Washington Wizards,101,Box Score,,17227.0,2:11,Capital One Arena,
Fri Dec 3 2021,7:30p,Philadelphia 76ers,98,Atlanta Hawks,96,Box Score,,17092.0,2:25,State Farm Arena,
Fri Dec 3 2021,7:30p,Minnesota Timberwolves,105,Brooklyn Nets,110,Box Score,,17732.0,2:27,Barclays Center,
Fri Dec 3 2021,8:00p,Orlando Magic,116,Houston Rockets,118,Box Score,,13697.0,2:11,Toyota Center,
Fri Dec 3 2021,8:30p,New Orleans Pelicans,107,Dallas Mavericks,91,Box Score,,19218.0,2:20,American Airlines Center,
Fri Dec 3 2021,9:00p,Boston Celtics,130,Utah Jazz,137,Box Score,,18306.0,2:19,Vivint Smart Home Arena,
Fri Dec 3 2021,10:00p,Phoenix Suns,96,Golden State Warriors,118,Box Score,,18064.0,2:22,Chase Center,
Fri Dec 3 2021,10:00p,Los Angeles Clippers,119,Los Angeles Lakers,115,Box Score,,18997.0,2:13,Crypto.com Arena,
Sat Dec 4 2021,1:00p,Denver Nuggets,113,New York Knicks,99,Box Score,,18272.0,2:01,Madison Square Garden (IV),
Sat Dec 4 2021,8:00p,Chicago Bulls,111,Brooklyn Nets,107,Box Score,,18116.0,2:08,Barclays Center,
Sat Dec 4 2021,8:00p,Miami Heat,102,Milwaukee Bucks,124,Box Score,,17341.0,2:19,Fiserv Forum,
Sat Dec 4 2021,8:30p,Memphis Grizzlies,97,Dallas Mavericks,90,Box Score,,19396.0,2:24,American Airlines Center,
Sat Dec 4 2021,8:30p,San Antonio Spurs,112,Golden State Warriors,107,Box Score,,18064.0,2:08,Chase Center,
Sat Dec 4 2021,10:00p,Boston Celtics,145,Portland Trail Blazers,117,Box Score,,18193.0,2:11,Moda Center,
Sat Dec 4 2021,10:00p,Los Angeles Clippers,99,Sacramento Kings,104,Box Score,,15004.0,2:28,Golden 1 Center,
Sun Dec 5 2021,3:30p,Utah Jazz,109,Cleveland Cavaliers,108,Box Score,,18113.0,2:01,Rocket Mortgage Fieldhouse,
Sun Dec 5 2021,6:00p,Charlotte Hornets,130,Atlanta Hawks,127,Box Score,,16383.0,2:06,State Farm Arena,
Sun Dec 5 2021,6:00p,Washington Wizards,90,Toronto Raptors,102,Box Score,,19800.0,2:06,Scotiabank Arena,
Sun Dec 5 2021,7:00p,New Orleans Pelicans,108,Houston Rockets,118,Box Score,,14771.0,2:19,Toyota Center,
Mon Dec 6 2021,7:00p,Philadelphia 76ers,127,Charlotte Hornets,124,Box Score,OT,14462.0,2:29,Spectrum Center,
Mon Dec 6 2021,7:00p,Oklahoma City Thunder,114,Detroit Pistons,103,Box Score,,10522.0,2:12,Little Caesars Arena,
Mon Dec 6 2021,7:00p,Washington Wizards,110,Indiana Pacers,116,Box Score,,12581.0,2:11,Gainbridge Fieldhouse,
Mon Dec 6 2021,7:30p,Memphis Grizzlies,105,Miami Heat,90,Box Score,,19600.0,2:19,FTX Arena,
Mon Dec 6 2021,8:00p,Denver Nuggets,97,Chicago Bulls,109,Box Score,,21236.0,2:08,United Center,
Mon Dec 6 2021,8:00p,Cleveland Cavaliers,104,Milwaukee Bucks,112,Box Score,,17341.0,2:08,Fiserv Forum,
Mon Dec 6 2021,8:00p,Atlanta Hawks,121,Minnesota Timberwolves,110,Box Score,,15736.0,2:05,Target Center,
Mon Dec 6 2021,9:00p,San Antonio Spurs,104,Phoenix Suns,108,Box Score,,15292.0,2:17,Phoenix Suns Arena,
Mon Dec 6 2021,10:00p,Orlando Magic,95,Golden State Warriors,126,Box Score,,18064.0,2:10,Chase Center,
Mon Dec 6 2021,10:00p,Los Angeles Clippers,102,Portland Trail Blazers,90,Box Score,,15865.0,2:12,Moda Center,
Tue Dec 7 2021,7:30p,Brooklyn Nets,102,Dallas Mavericks,99,Box Score,,19559.0,2:22,American Airlines Center,
Tue Dec 7 2021,8:30p,New York Knicks,121,San Antonio Spurs,109,Box Score,,14698.0,2:03,AT&T Center,
Tue Dec 7 2021,10:00p,Boston Celtics,102,Los Angeles Lakers,117,Box Score,,18997.0,2:19,Crypto.com Arena,
Wed Dec 8 2021,7:00p,Philadelphia 76ers,110,Charlotte Hornets,106,Box Score,,15709.0,2:30,Spectrum Center,
Wed Dec 8 2021,7:00p,Chicago Bulls,92,Cleveland Cavaliers,115,Box Score,,17707.0,2:09,Rocket Mortgage Fieldhouse,
Wed Dec 8 2021,7:00p,Washington Wizards,119,Detroit Pistons,116,Box Score,OT,10499.0,2:44,Little Caesars Arena,
Wed Dec 8 2021,7:00p,New York Knicks,102,Indiana Pacers,122,Box Score,,13167.0,2:08,Gainbridge Fieldhouse,
Wed Dec 8 2021,7:30p,Milwaukee Bucks,104,Miami Heat,113,Box Score,,19600.0,2:21,FTX Arena,
Wed Dec 8 2021,7:30p,Oklahoma City Thunder,110,Toronto Raptors,109,Box Score,,19800.0,2:05,Scotiabank Arena,
Wed Dec 8 2021,8:00p,Brooklyn Nets,104,Houston Rockets,114,Box Score,,15834.0,2:23,Toyota Center,
Wed Dec 8 2021,8:00p,Dallas Mavericks,104,Memphis Grizzlies,96,Box Score,,14025.0,2:21,FedEx Forum,
Wed Dec 8 2021,8:00p,Utah Jazz,136,Minnesota Timberwolves,104,Box Score,,15181.0,2:09,Target Center,
Wed Dec 8 2021,8:00p,Denver Nuggets,120,New Orleans Pelicans,114,Box Score,OT,15035.0,2:24,Smoothie King Center,
Wed Dec 8 2021,10:00p,Portland Trail Blazers,94,Golden State Warriors,104,Box Score,,18064.0,2:20,Chase Center,
Wed Dec 8 2021,10:00p,Orlando Magic,130,Sacramento Kings,142,Box Score,,14364.0,2:16,Golden 1 Center,
Wed Dec 8 2021,10:30p,Boston Celtics,111,Los Angeles Clippers,114,Box Score,,17064.0,2:31,Crypto.com Arena,
Thu Dec 9 2021,7:00p,Utah Jazz,118,Philadelphia 76ers,96,Box Score,,20272.0,2:08,Wells Fargo Center,
Thu Dec 9 2021,8:00p,Los Angeles Lakers,95,Memphis Grizzlies,108,Box Score,,16334.0,2:06,FedEx Forum,
Thu Dec 9 2021,8:30p,Denver Nuggets,111,San Antonio Spurs,123,Box Score,,12855.0,2:05,AT&T Center,
Fri Dec 10 2021,7:00p,Sacramento Kings,123,Charlotte Hornets,124,Box Score,,16335.0,2:15,Spectrum Center,
Fri Dec 10 2021,7:00p,Dallas Mavericks,93,Indiana Pacers,106,Box Score,,12618.0,2:03,Gainbridge Fieldhouse,
Fri Dec 10 2021,7:30p,Brooklyn Nets,113,Atlanta Hawks,105,Box Score,,17074.0,2:21,State Farm Arena,
Fri Dec 10 2021,7:30p,New York Knicks,87,Toronto Raptors,90,Box Score,,19800.0,2:09,Scotiabank Arena,
Fri Dec 10 2021,8:00p,Milwaukee Bucks,123,Houston Rockets,114,Box Score,,16319.0,2:21,Toyota Center,
Fri Dec 10 2021,8:00p,Cleveland Cavaliers,123,Minnesota Timberwolves,106,Box Score,,15694.0,2:11,Target Center,
Fri Dec 10 2021,8:00p,Detroit Pistons,93,New Orleans Pelicans,109,Box Score,,15828.0,2:06,Smoothie King Center,
Fri Dec 10 2021,8:00p,Los Angeles Lakers,116,Oklahoma City Thunder,95,Box Score,,16523.0,2:05,Paycom Center,
Fri Dec 10 2021,10:00p,Boston Celtics,90,Phoenix Suns,111,Box Score,,17071.0,2:08,Phoenix Suns Arena,
Sat Dec 11 2021,3:30p,Orlando Magic,104,Los Angeles Clippers,106,Box Score,,17156.0,2:04,Crypto.com Arena,
Sat Dec 11 2021,7:00p,Utah Jazz,123,Washington Wizards,98,Box Score,,17575.0,2:08,Capital One Arena,
Sat Dec 11 2021,8:00p,Sacramento Kings,103,Cleveland Cavaliers,117,Box Score,,19432.0,2:11,Rocket Mortgage Fieldhouse,
Sat Dec 11 2021,8:00p,Houston Rockets,106,Memphis Grizzlies,113,Box Score,,17794.0,2:24,FedEx Forum,
Sat Dec 11 2021,8:00p,Chicago Bulls,92,Miami Heat,118,Box Score,,19731.0,2:08,FTX Arena,
Sat Dec 11 2021,8:30p,Golden State Warriors,93,Philadelphia 76ers,102,Box Score,,21016.0,2:18,Wells Fargo Center,
Sat Dec 11 2021,8:30p,Denver Nuggets,127,San Antonio Spurs,112,Box Score,,14607.0,2:12,AT&T Center,
Sun Dec 12 2021,12:00p,Milwaukee Bucks,112,New York Knicks,97,Box Score,,19812.0,2:01,Madison Square Garden (IV),
Sun Dec 12 2021,6:00p,Brooklyn Nets,116,Detroit Pistons,104,Box Score,,15289.0,2:17,Little Caesars Arena,
Sun Dec 12 2021,7:00p,Dallas Mavericks,103,Oklahoma City Thunder,84,Box Score,,15747.0,2:04,Paycom Center,
Sun Dec 12 2021,7:00p,New Orleans Pelicans,97,San Antonio Spurs,112,Box Score,,14990.0,2:04,AT&T Center,
Sun Dec 12 2021,9:00p,Minnesota Timberwolves,116,Portland Trail Blazers,111,Box Score,,16591.0,2:22,Moda Center,
Sun Dec 12 2021,9:30p,Orlando Magic,94,Los Angeles Lakers,106,Box Score,,18997.0,2:11,Crypto.com Arena,
Mon Dec 13 2021,7:00p,Miami Heat,94,Cleveland Cavaliers,105,Box Score,,17401.0,2:08,Rocket Mortgage Fieldhouse,
Mon Dec 13 2021,7:00p,Golden State Warriors,102,Indiana Pacers,100,Box Score,,17018.0,2:24,Gainbridge Fieldhouse,
Mon Dec 13 2021,7:00p,Sacramento Kings,101,Toronto Raptors,124,Box Score,,19463.0,1:57,Scotiabank Arena,
Mon Dec 13 2021,7:30p,Houston Rockets,132,Atlanta Hawks,126,Box Score,,14456.0,2:23,State Farm Arena,
Mon Dec 13 2021,7:30p,Milwaukee Bucks,103,Boston Celtics,117,Box Score,,19156.0,2:10,TD Garden,
Mon Dec 13 2021,8:00p,Philadelphia 76ers,91,Memphis Grizzlies,126,Box Score,,13420.0,2:05,FedEx Forum,
Mon Dec 13 2021,8:30p,Charlotte Hornets,96,Dallas Mavericks,120,Box Score,,19213.0,2:05,American Airlines Center,
Mon Dec 13 2021,9:00p,Washington Wizards,107,Denver Nuggets,113,Box Score,,14632.0,2:14,Ball Arena,
Mon Dec 13 2021,10:30p,Phoenix Suns,95,Los Angeles Clippers,111,Box Score,,17909.0,2:12,Crypto.com Arena,
Tue Dec 14 2021,7:30p,Toronto Raptors,129,Brooklyn Nets,131,Box Score,OT,17325.0,2:26,Barclays Center,
Tue Dec 14 2021,7:30p,Golden State Warriors,105,New York Knicks,96,Box Score,,19812.0,2:19,Madison Square Garden (IV),
Tue Dec 14 2021,10:00p,Phoenix Suns,111,Portland Trail Blazers,107,Box Score,OT,16184.0,2:35,Moda Center,
Wed Dec 15 2021,7:00p,Houston Rockets,89,Cleveland Cavaliers,124,Box Score,,17131.0,2:12,Rocket Mortgage Fieldhouse,
Wed Dec 15 2021,7:00p,Atlanta Hawks,111,Orlando Magic,99,Box Score,,13576.0,2:04,Amway Center,
Wed Dec 15 2021,7:00p,Miami Heat,101,Philadelphia 76ers,96,Box Score,,20389.0,2:13,Wells Fargo Center,
Wed Dec 15 2021,7:30p,Los Angeles Lakers,107,Dallas Mavericks,104,Box Score,OT,20270.0,2:35,American Airlines Center,
Wed Dec 15 2021,8:00p,Indiana Pacers,99,Milwaukee Bucks,114,Box Score,,17341.0,1:59,Fiserv Forum,
Wed Dec 15 2021,8:00p,New Orleans Pelicans,113,Oklahoma City Thunder,110,Box Score,,13253.0,2:26,Paycom Center,
Wed Dec 15 2021,8:30p,Charlotte Hornets,131,San Antonio Spurs,115,Box Score,,14354.0,2:05,AT&T Center,
Wed Dec 15 2021,9:00p,Minnesota Timberwolves,124,Denver Nuggets,107,Box Score,,15365.0,2:08,Ball Arena,
Wed Dec 15 2021,10:00p,Memphis Grizzlies,113,Portland Trail Blazers,103,Box Score,,15773.0,2:20,Moda Center,
Wed Dec 15 2021,10:00p,Washington Wizards,105,Sacramento Kings,119,Box Score,,13806.0,2:16,Golden 1 Center,
Wed Dec 15 2021,10:00p,Los Angeles Clippers,103,Utah Jazz,124,Box Score,,18306.0,2:14,Vivint Smart Home Arena,
Thu Dec 16 2021,7:00p,Detroit Pistons,113,Indiana Pacers,122,Box Score,,13596.0,2:15,Gainbridge Fieldhouse,
Thu Dec 16 2021,7:30p,Philadelphia 76ers,105,Brooklyn Nets,114,Box Score,,17053.0,2:09,Barclays Center,
Thu Dec 16 2021,8:00p,New York Knicks,116,Houston Rockets,103,Box Score,,13857.0,2:19,Toyota Center,
Thu Dec 16 2021,9:00p,Washington Wizards,98,Phoenix Suns,118,Box Score,,16177.0,2:06,Phoenix Suns Arena,
Fri Dec 17 2021,7:00p,Miami Heat,115,Orlando Magic,105,Box Score,,14103.0,2:06,Amway Center,
Fri Dec 17 2021,7:30p,Denver Nuggets,133,Atlanta Hawks,115,Box Score,,16114.0,2:14,State Farm Arena,
Fri Dec 17 2021,7:30p,Golden State Warriors,111,Boston Celtics,107,Box Score,,19156.0,2:29,TD Garden,
Fri Dec 17 2021,8:00p,Milwaukee Bucks,112,New Orleans Pelicans,116,Box Score,OT,15504.0,2:22,Smoothie King Center,
Fri Dec 17 2021,9:00p,San Antonio Spurs,128,Utah Jazz,126,Box Score,,18306.0,2:14,Vivint Smart Home Arena,
Fri Dec 17 2021,10:00p,Los Angeles Lakers,92,Minnesota Timberwolves,110,Box Score,,17136.0,2:26,Target Center,
Fri Dec 17 2021,10:00p,Charlotte Hornets,116,Portland Trail Blazers,125,Box Score,,18399.0,2:08,Moda Center,
Fri Dec 17 2021,10:00p,Memphis Grizzlies,124,Sacramento Kings,105,Box Score,,14659.0,2:13,Golden 1 Center,
Sat Dec 18 2021,12:00p,Houston Rockets,116,Detroit Pistons,107,Box Score,,13722.0,2:09,Little Caesars Arena,
Sat Dec 18 2021,7:00p,New York Knicks,107,Boston Celtics,114,Box Score,,19156.0,2:10,TD Garden,
Sat Dec 18 2021,7:30p,Orlando Magic,100,Brooklyn Nets,93,Box Score,,16292.0,2:06,Barclays Center,
Sat Dec 18 2021,7:30p,Golden State Warriors,100,Toronto Raptors,119,Box Score,,7988.0,2:02,Scotiabank Arena,
Sat Dec 18 2021,8:00p,Los Angeles Clippers,103,Oklahoma City Thunder,104,Box Score,,15123.0,2:09,Paycom Center,
Sat Dec 18 2021,9:00p,Cleveland Cavaliers,119,Milwaukee Bucks,90,Box Score,,17341.0,2:00,Fiserv Forum,
Sat Dec 18 2021,9:00p,Washington Wizards,109,Utah Jazz,103,Box Score,,18306.0,2:19,Vivint Smart Home Arena,
Sun Dec 19 2021,6:00p,Miami Heat,90,Detroit Pistons,100,Box Score,,15188.0,2:22,Little Caesars Arena,
Sun Dec 19 2021,6:00p,Portland Trail Blazers,105,Memphis Grizzlies,100,Box Score,,15977.0,2:22,FedEx Forum,
Sun Dec 19 2021,6:00p,San Antonio Spurs,114,Sacramento Kings,121,Box Score,,15091.0,2:03,Golden 1 Center,
Sun Dec 19 2021,8:00p,Los Angeles Lakers,110,Chicago Bulls,115,Box Score,,21560.0,2:19,United Center,
Sun Dec 19 2021,8:00p,Dallas Mavericks,105,Minnesota Timberwolves,111,Box Score,,16127.0,2:26,Target Center,
Sun Dec 19 2021,8:00p,Charlotte Hornets,106,Phoenix Suns,137,Box Score,,17071.0,2:03,Phoenix Suns Arena,
Mon Dec 20 2021,7:30p,Philadelphia 76ers,108,Boston Celtics,103,Box Score,,19156.0,2:22,TD Garden,
Mon Dec 20 2021,8:00p,Houston Rockets,118,Chicago Bulls,133,Box Score,,21150.0,2:06,United Center,
Mon Dec 20 2021,8:00p,Oklahoma City Thunder,102,Memphis Grizzlies,99,Box Score,,15721.0,2:17,FedEx Forum,
Mon Dec 20 2021,9:00p,Charlotte Hornets,102,Utah Jazz,112,Box Score,,18306.0,2:10,Vivint Smart Home Arena,
Mon Dec 20 2021,10:00p,Sacramento Kings,98,Golden State Warriors,113,Box Score,,18064.0,2:03,Chase Center,
Mon Dec 20 2021,10:30p,San Antonio Spurs,116,Los Angeles Clippers,92,Box Score,,18096.0,1:59,Crypto.com Arena,
Tue Dec 21 2021,7:30p,Indiana Pacers,96,Miami Heat,125,Box Score,,19600.0,2:15,FTX Arena,
Tue Dec 21 2021,7:30p,Detroit Pistons,91,New York Knicks,105,Box Score,,17906.0,2:06,Madison Square Garden (IV),
Tue Dec 21 2021,8:00p,Portland Trail Blazers,97,New Orleans Pelicans,111,Box Score,,15272.0,2:05,Smoothie King Center,
Tue Dec 21 2021,8:30p,Minnesota Timberwolves,102,Dallas Mavericks,114,Box Score,,20056.0,2:17,American Airlines Center,
Tue Dec 21 2021,10:00p,Phoenix Suns,108,Los Angeles Lakers,90,Box Score,,18997.0,2:17,Crypto.com Arena,
Wed Dec 22 2021,7:30p,Orlando Magic,104,Atlanta Hawks,98,Box Score,,15299.0,2:14,State Farm Arena,
Wed Dec 22 2021,7:30p,Cleveland Cavaliers,101,Boston Celtics,111,Box Score,,19156.0,2:13,TD Garden,
Wed Dec 22 2021,8:00p,Houston Rockets,106,Milwaukee Bucks,126,Box Score,,17341.0,2:20,Fiserv Forum,
Wed Dec 22 2021,8:00p,Denver Nuggets,94,Oklahoma City Thunder,108,Box Score,,14932.0,2:07,Paycom Center,
Wed Dec 22 2021,10:00p,Los Angeles Clippers,105,Sacramento Kings,89,Box Score,,15386.0,2:05,Golden 1 Center,
Thu Dec 23 2021,7:00p,Houston Rockets,106,Indiana Pacers,118,Box Score,,15089.0,2:11,Gainbridge Fieldhouse,
Thu Dec 23 2021,7:00p,New Orleans Pelicans,110,Orlando Magic,104,Box Score,,13954.0,2:17,Amway Center,
Thu Dec 23 2021,7:00p,Atlanta Hawks,98,Philadelphia 76ers,96,Box Score,,20408.0,2:15,Wells Fargo Center,
Thu Dec 23 2021,7:30p,Detroit Pistons,112,Miami Heat,115,Box Score,,19600.0,2:18,FTX Arena,
Thu Dec 23 2021,7:30p,Washington Wizards,124,New York Knicks,117,Box Score,,18208.0,2:15,Madison Square Garden (IV),
Thu Dec 23 2021,8:30p,Milwaukee Bucks,102,Dallas Mavericks,95,Box Score,,19654.0,2:12,American Airlines Center,
Thu Dec 23 2021,9:00p,Charlotte Hornets,115,Denver Nuggets,107,Box Score,,17003.0,2:11,Ball Arena,
Thu Dec 23 2021,9:00p,Oklahoma City Thunder,101,Phoenix Suns,113,Box Score,,17071.0,2:06,Phoenix Suns Arena,
Thu Dec 23 2021,9:00p,Minnesota Timberwolves,116,Utah Jazz,128,Box Score,,18306.0,2:09,Vivint Smart Home Arena,
Thu Dec 23 2021,10:00p,Memphis Grizzlies,104,Golden State Warriors,113,Box Score,,18064.0,2:17,Chase Center,
Thu Dec 23 2021,10:30p,San Antonio Spurs,138,Los Angeles Lakers,110,Box Score,,18997.0,2:25,Crypto.com Arena,
Sat Dec 25 2021,12:00p,Atlanta Hawks,87,New York Knicks,101,Box Score,,19812.0,2:15,Madison Square Garden (IV),
Sat Dec 25 2021,2:30p,Boston Celtics,113,Milwaukee Bucks,117,Box Score,,17341.0,2:29,Fiserv Forum,
Sat Dec 25 2021,5:00p,Golden State Warriors,116,Phoenix Suns,107,Box Score,,17071.0,2:18,Phoenix Suns Arena,
Sat Dec 25 2021,8:00p,Brooklyn Nets,122,Los Angeles Lakers,115,Box Score,,18997.0,2:35,Crypto.com Arena,
Sat Dec 25 2021,10:30p,Dallas Mavericks,116,Utah Jazz,120,Box Score,,18306.0,2:39,Vivint Smart Home Arena,
Sun Dec 26 2021,3:30p,Orlando Magic,83,Miami Heat,93,Box Score,,19600.0,2:05,FTX Arena,
Sun Dec 26 2021,6:00p,Toronto Raptors,99,Cleveland Cavaliers,144,Box Score,,19432.0,1:57,Rocket Mortgage Fieldhouse,
Sun Dec 26 2021,6:00p,Memphis Grizzlies,127,Sacramento Kings,102,Box Score,,15685.0,2:15,Golden 1 Center,
Sun Dec 26 2021,6:00p,Philadelphia 76ers,117,Washington Wizards,96,Box Score,,16767.0,2:22,Capital One Arena,
Sun Dec 26 2021,7:00p,New Orleans Pelicans,112,Oklahoma City Thunder,117,Box Score,,15608.0,2:19,Paycom Center,
Sun Dec 26 2021,7:00p,Detroit Pistons,109,San Antonio Spurs,144,Box Score,,14715.0,2:26,AT&T Center,
Sun Dec 26 2021,8:00p,Indiana Pacers,105,Chicago Bulls,113,Box Score,,20475.0,2:09,United Center,
Sun Dec 26 2021,9:00p,Denver Nuggets,103,Los Angeles Clippers,100,Box Score,,17759.0,2:10,Crypto.com Arena,
Mon Dec 27 2021,7:00p,Houston Rockets,99,Charlotte Hornets,123,Box Score,,19349.0,2:00,Spectrum Center,
Mon Dec 27 2021,7:30p,Chicago Bulls,130,Atlanta Hawks,118,Box Score,,17049.0,2:06,State Farm Arena,
Mon Dec 27 2021,8:00p,Boston Celtics,103,Minnesota Timberwolves,108,Box Score,,15962.0,2:10,Target Center,
Mon Dec 27 2021,8:30p,Utah Jazz,110,San Antonio Spurs,104,Box Score,,16255.0,2:09,AT&T Center,
Mon Dec 27 2021,9:00p,Memphis Grizzlies,114,Phoenix Suns,113,Box Score,,17071.0,2:16,Phoenix Suns Arena,
Mon Dec 27 2021,10:00p,Dallas Mavericks,132,Portland Trail Blazers,117,Box Score,,18430.0,2:24,Moda Center,
Mon Dec 27 2021,10:30p,Brooklyn Nets,124,Los Angeles Clippers,108,Box Score,,17128.0,2:09,Crypto.com Arena,
Tue Dec 28 2021,7:00p,Milwaukee Bucks,127,Orlando Magic,110,Box Score,,16696.0,2:17,Amway Center,
Tue Dec 28 2021,7:30p,Washington Wizards,112,Miami Heat,119,Box Score,,19600.0,2:07,FTX Arena,
Tue Dec 28 2021,7:30p,Philadelphia 76ers,114,Toronto Raptors,109,Box Score,,6960.0,2:22,Scotiabank Arena,
Tue Dec 28 2021,8:00p,Los Angeles Lakers,132,Houston Rockets,123,Box Score,,18104.0,2:20,Toyota Center,
Tue Dec 28 2021,8:00p,New York Knicks,96,Minnesota Timberwolves,88,Box Score,,16339.0,2:14,Target Center,
Tue Dec 28 2021,8:00p,Cleveland Cavaliers,104,New Orleans Pelicans,108,Box Score,,15835.0,2:12,Smoothie King Center,
Tue Dec 28 2021,10:00p,Denver Nuggets,89,Golden State Warriors,86,Box Score,,18064.0,2:19,Chase Center,
Tue Dec 28 2021,10:00p,Oklahoma City Thunder,111,Sacramento Kings,117,Box Score,,14750.0,2:16,Golden 1 Center,
Wed Dec 29 2021,7:00p,New York Knicks,94,Detroit Pistons,85,Box Score,,18312.0,2:14,Little Caesars Arena,
Wed Dec 29 2021,7:00p,Charlotte Hornets,116,Indiana Pacers,108,Box Score,,17608.0,2:21,Gainbridge Fieldhouse,
Wed Dec 29 2021,7:30p,Los Angeles Clippers,91,Boston Celtics,82,Box Score,,19156.0,2:07,TD Garden,
Wed Dec 29 2021,8:00p,Atlanta Hawks,117,Chicago Bulls,131,Box Score,,21372.0,2:19,United Center,
Wed Dec 29 2021,8:00p,Los Angeles Lakers,99,Memphis Grizzlies,104,Box Score,,17794.0,2:19,FedEx Forum,
Wed Dec 29 2021,9:00p,Oklahoma City Thunder,97,Phoenix Suns,115,Box Score,,17071.0,2:09,Phoenix Suns Arena,
Wed Dec 29 2021,10:00p,Utah Jazz,120,Portland Trail Blazers,105,Box Score,,17828.0,2:16,Moda Center,
Wed Dec 29 2021,10:30p,Dallas Mavericks,94,Sacramento Kings,95,Box Score,,16071.0,2:12,Golden 1 Center,
Thu Dec 30 2021,7:00p,Philadelphia 76ers,110,Brooklyn Nets,102,Box Score,,17920.0,2:10,Barclays Center,
Thu Dec 30 2021,7:00p,Milwaukee Bucks,136,Orlando Magic,118,Box Score,,15855.0,2:15,Amway Center,
Thu Dec 30 2021,7:00p,Cleveland Cavaliers,93,Washington Wizards,110,Box Score,,15637.0,2:04,Capital One Arena,
Fri Dec 31 2021,1:00p,Phoenix Suns,108,Boston Celtics,123,Box Score,,19156.0,2:17,TD Garden,
Fri Dec 31 2021,3:00p,Chicago Bulls,108,Indiana Pacers,106,Box Score,,17515.0,2:18,Gainbridge Fieldhouse,
Fri Dec 31 2021,6:00p,Dallas Mavericks,112,Sacramento Kings,96,Box Score,,15833.0,2:01,Golden 1 Center,
Fri Dec 31 2021,7:00p,Miami Heat,120,Houston Rockets,110,Box Score,,16197.0,2:16,Toyota Center,
Fri Dec 31 2021,7:30p,Atlanta Hawks,121,Cleveland Cavaliers,118,Box Score,,17745.0,2:16,Rocket Mortgage Fieldhouse,
Fri Dec 31 2021,7:30p,Los Angeles Clippers,108,Toronto Raptors,116,Box Score,,0.0,2:13,Scotiabank Arena,
Fri Dec 31 2021,8:00p,San Antonio Spurs,105,Memphis Grizzlies,118,Box Score,,15412.0,2:06,FedEx Forum,
Fri Dec 31 2021,8:00p,New York Knicks,80,Oklahoma City Thunder,95,Box Score,,16451.0,1:54,Paycom Center,
Fri Dec 31 2021,9:00p,Minnesota Timberwolves,108,Utah Jazz,120,Box Score,,18306.0,2:18,Vivint Smart Home Arena,
Fri Dec 31 2021,10:30p,Portland Trail Blazers,106,Los Angeles Lakers,139,Box Score,,18997.0,2:11,Crypto.com Arena,
Sat Jan 1 2022,6:30p,New Orleans Pelicans,113,Milwaukee Bucks,136,Box Score,,17341.0,2:17,Fiserv Forum,
Sat Jan 1 2022,7:00p,San Antonio Spurs,116,Detroit Pistons,117,Box Score,OT,18911.0,2:41,Little Caesars Arena,
Sat Jan 1 2022,7:00p,Chicago Bulls,120,Washington Wizards,119,Box Score,,19043.0,2:30,Capital One Arena,
Sat Jan 1 2022,7:30p,Los Angeles Clippers,120,Brooklyn Nets,116,Box Score,,17732.0,2:24,Barclays Center,
Sat Jan 1 2022,8:00p,Denver Nuggets,124,Houston Rockets,111,Box Score,,18055.0,2:19,Toyota Center,
Sat Jan 1 2022,9:00p,Golden State Warriors,123,Utah Jazz,116,Box Score,,18306.0,2:20,Vivint Smart Home Arena,
Sun Jan 2 2022,3:30p,New York Knicks,105,Toronto Raptors,120,Box Score,,0.0,2:12,Scotiabank Arena,
Sun Jan 2 2022,6:00p,Orlando Magic,111,Boston Celtics,116,Box Score,OT,19156.0,2:40,TD Garden,
Sun Jan 2 2022,6:00p,Indiana Pacers,104,Cleveland Cavaliers,108,Box Score,,17808.0,2:17,Rocket Mortgage Fieldhouse,
Sun Jan 2 2022,6:00p,Miami Heat,113,Sacramento Kings,115,Box Score,,13699.0,2:08,Golden 1 Center,
Sun Jan 2 2022,7:00p,Phoenix Suns,133,Charlotte Hornets,99,Box Score,,19088.0,2:05,Spectrum Center,
Sun Jan 2 2022,7:00p,Dallas Mavericks,95,Oklahoma City Thunder,86,Box Score,,14751.0,1:57,Paycom Center,
Sun Jan 2 2022,9:30p,Minnesota Timberwolves,103,Los Angeles Lakers,108,Box Score,,18343.0,2:12,Crypto.com Arena,
Mon Jan 3 2022,7:00p,Houston Rockets,113,Philadelphia 76ers,133,Box Score,,20026.0,2:12,Wells Fargo Center,
Mon Jan 3 2022,7:00p,Charlotte Hornets,121,Washington Wizards,124,Box Score,,8902.0,2:13,Capital One Arena,
Mon Jan 3 2022,7:30p,Memphis Grizzlies,118,Brooklyn Nets,104,Box Score,,17089.0,2:13,Barclays Center,
Mon Jan 3 2022,8:00p,Orlando Magic,98,Chicago Bulls,102,Box Score,,20502.0,2:17,United Center,
Mon Jan 3 2022,8:00p,Detroit Pistons,115,Milwaukee Bucks,106,Box Score,,17341.0,2:14,Fiserv Forum,
Mon Jan 3 2022,8:00p,Utah Jazz,115,New Orleans Pelicans,104,Box Score,,15057.0,2:24,Smoothie King Center,
Mon Jan 3 2022,8:30p,Denver Nuggets,89,Dallas Mavericks,103,Box Score,,19767.0,2:11,American Airlines Center,
Mon Jan 3 2022,10:00p,Miami Heat,108,Golden State Warriors,115,Box Score,,18064.0,2:12,Chase Center,
Mon Jan 3 2022,10:00p,Atlanta Hawks,131,Portland Trail Blazers,136,Box Score,,15091.0,2:14,Moda Center,
Mon Jan 3 2022,10:30p,Minnesota Timberwolves,122,Los Angeles Clippers,104,Box Score,,15959.0,1:58,Crypto.com Arena,
Tue Jan 4 2022,7:00p,Memphis Grizzlies,110,Cleveland Cavaliers,106,Box Score,,18178.0,2:10,Rocket Mortgage Fieldhouse,
Tue Jan 4 2022,7:00p,San Antonio Spurs,104,Toronto Raptors,129,Box Score,,0.0,2:03,Scotiabank Arena,
Tue Jan 4 2022,7:30p,Indiana Pacers,94,New York Knicks,104,Box Score,,18449.0,2:18,Madison Square Garden (IV),
Tue Jan 4 2022,8:00p,Phoenix Suns,123,New Orleans Pelicans,110,Box Score,,15158.0,2:11,Smoothie King Center,
Tue Jan 4 2022,10:30p,Sacramento Kings,114,Los Angeles Lakers,122,Box Score,,17919.0,2:12,Crypto.com Arena,
Wed Jan 5 2022,7:00p,Detroit Pistons,111,Charlotte Hornets,140,Box Score,,14427.0,2:06,Spectrum Center,
Wed Jan 5 2022,7:00p,Philadelphia 76ers,116,Orlando Magic,106,Box Score,,13116.0,2:21,Amway Center,
Wed Jan 5 2022,7:00p,Houston Rockets,114,Washington Wizards,111,Box Score,,13014.0,2:26,Capital One Arena,
Wed Jan 5 2022,7:30p,San Antonio Spurs,99,Boston Celtics,97,Box Score,,19156.0,2:05,TD Garden,
Wed Jan 5 2022,7:30p,Golden State Warriors,82,Dallas Mavericks,99,Box Score,,20441.0,2:15,American Airlines Center,
Wed Jan 5 2022,7:30p,Brooklyn Nets,129,Indiana Pacers,121,Box Score,,14176.0,2:23,Gainbridge Fieldhouse,
Wed Jan 5 2022,8:00p,Toronto Raptors,117,Milwaukee Bucks,111,Box Score,,17341.0,2:15,Fiserv Forum,
Wed Jan 5 2022,8:00p,Oklahoma City Thunder,90,Minnesota Timberwolves,98,Box Score,,14375.0,2:05,Target Center,
Wed Jan 5 2022,10:00p,Utah Jazz,115,Denver Nuggets,109,Box Score,,14056.0,2:11,Ball Arena,
Wed Jan 5 2022,10:00p,Miami Heat,115,Portland Trail Blazers,109,Box Score,,15773.0,2:29,Moda Center,
Wed Jan 5 2022,10:00p,Atlanta Hawks,108,Sacramento Kings,102,Box Score,,13104.0,2:16,Golden 1 Center,
Thu Jan 6 2022,7:30p,Boston Celtics,105,New York Knicks,108,Box Score,,17529.0,2:20,Madison Square Garden (IV),
Thu Jan 6 2022,8:00p,Detroit Pistons,88,Memphis Grizzlies,118,Box Score,,12983.0,2:07,FedEx Forum,
Thu Jan 6 2022,8:00p,Golden State Warriors,96,New Orleans Pelicans,101,Box Score,,15986.0,2:18,Smoothie King Center,
Thu Jan 6 2022,10:00p,Los Angeles Clippers,89,Phoenix Suns,106,Box Score,,17071.0,2:12,Phoenix Suns Arena,
Fri Jan 7 2022,7:00p,San Antonio Spurs,100,Philadelphia 76ers,119,Box Score,,20265.0,2:10,Wells Fargo Center,
Fri Jan 7 2022,7:30p,Milwaukee Bucks,121,Brooklyn Nets,109,Box Score,,17732.0,2:11,Barclays Center,
Fri Jan 7 2022,7:30p,Utah Jazz,108,Toronto Raptors,122,Box Score,,0.0,2:06,Scotiabank Arena,
Fri Jan 7 2022,8:00p,Washington Wizards,122,Chicago Bulls,130,Box Score,,21700.0,2:10,United Center,
Fri Jan 7 2022,8:00p,Dallas Mavericks,130,Houston Rockets,106,Box Score,,15238.0,2:18,Toyota Center,
Fri Jan 7 2022,8:00p,Minnesota Timberwolves,135,Oklahoma City Thunder,105,Box Score,,14874.0,2:14,Paycom Center,
Fri Jan 7 2022,9:00p,Sacramento Kings,111,Denver Nuggets,121,Box Score,,15966.0,2:11,Ball Arena,
Fri Jan 7 2022,10:00p,Atlanta Hawks,118,Los Angeles Lakers,134,Box Score,,18997.0,2:20,Crypto.com Arena,
Fri Jan 7 2022,10:00p,Cleveland Cavaliers,114,Portland Trail Blazers,101,Box Score,,16708.0,2:08,Moda Center,
Sat Jan 8 2022,3:30p,Memphis Grizzlies,123,Los Angeles Clippers,108,Box Score,,17936.0,2:16,Crypto.com Arena,
Sat Jan 8 2022,7:00p,Milwaukee Bucks,106,Charlotte Hornets,114,Box Score,,19139.0,2:23,Spectrum Center,
Sat Jan 8 2022,7:00p,Orlando Magic,92,Detroit Pistons,97,Box Score,,18644.0,2:17,Little Caesars Arena,
Sat Jan 8 2022,7:00p,Utah Jazz,113,Indiana Pacers,125,Box Score,,13160.0,2:12,Gainbridge Fieldhouse,
Sat Jan 8 2022,7:30p,New York Knicks,75,Boston Celtics,99,Box Score,,19156.0,2:01,TD Garden,
Sat Jan 8 2022,9:00p,Miami Heat,123,Phoenix Suns,100,Box Score,,17071.0,2:11,Phoenix Suns Arena,
Sun Jan 9 2022,12:00p,San Antonio Spurs,119,Brooklyn Nets,121,Box Score,OT,15606.0,2:24,Barclays Center,
Sun Jan 9 2022,3:30p,Atlanta Hawks,93,Los Angeles Clippers,106,Box Score,,14836.0,1:59,Crypto.com Arena,
Sun Jan 9 2022,6:00p,Washington Wizards,102,Orlando Magic,100,Box Score,,13223.0,2:17,Amway Center,
Sun Jan 9 2022,6:00p,New Orleans Pelicans,101,Toronto Raptors,105,Box Score,,,2:12,Scotiabank Arena,
Sun Jan 9 2022,7:00p,Minnesota Timberwolves,141,Houston Rockets,123,Box Score,,15277.0,2:12,Toyota Center,
Sun Jan 9 2022,7:00p,Denver Nuggets,99,Oklahoma City Thunder,95,Box Score,,14772.0,2:02,Paycom Center,
Sun Jan 9 2022,7:30p,Chicago Bulls,99,Dallas Mavericks,113,Box Score,,20041.0,1:54,American Airlines Center,
Sun Jan 9 2022,8:30p,Cleveland Cavaliers,82,Golden State Warriors,96,Box Score,,18064.0,1:59,Chase Center,
Sun Jan 9 2022,9:00p,Sacramento Kings,88,Portland Trail Blazers,103,Box Score,,16408.0,2:07,Moda Center,
Sun Jan 9 2022,9:30p,Memphis Grizzlies,127,Los Angeles Lakers,119,Box Score,,18288.0,2:12,Crypto.com Arena,
Mon Jan 10 2022,7:00p,Milwaukee Bucks,99,Charlotte Hornets,103,Box Score,,14253.0,2:16,Spectrum Center,
Mon Jan 10 2022,7:00p,Utah Jazz,116,Detroit Pistons,126,Box Score,,17834.0,2:07,Little Caesars Arena,
Mon Jan 10 2022,7:30p,Indiana Pacers,98,Boston Celtics,101,Box Score,OT,19156.0,2:40,TD Garden,
Mon Jan 10 2022,7:30p,San Antonio Spurs,96,New York Knicks,111,Box Score,,16569.0,2:02,Madison Square Garden (IV),
Mon Jan 10 2022,8:00p,Philadelphia 76ers,111,Houston Rockets,91,Box Score,,13593.0,2:07,Toyota Center,
Mon Jan 10 2022,10:00p,Brooklyn Nets,108,Portland Trail Blazers,114,Box Score,,16379.0,2:14,Moda Center,
Mon Jan 10 2022,10:00p,Cleveland Cavaliers,109,Sacramento Kings,108,Box Score,,12110.0,2:08,Golden 1 Center,
Tue Jan 11 2022,7:00p,Oklahoma City Thunder,118,Washington Wizards,122,Box Score,,13985.0,2:12,Capital One Arena,
Tue Jan 11 2022,7:30p,Phoenix Suns,99,Toronto Raptors,95,Box Score,,0.0,2:14,Scotiabank Arena,
Tue Jan 11 2022,8:00p,Detroit Pistons,87,Chicago Bulls,133,Box Score,,19886.0,2:10,United Center,
Tue Jan 11 2022,8:00p,Golden State Warriors,108,Memphis Grizzlies,116,Box Score,,17794.0,2:12,FedEx Forum,
Tue Jan 11 2022,8:00p,Minnesota Timberwolves,125,New Orleans Pelicans,128,Box Score,,15155.0,2:30,Smoothie King Center,
Tue Jan 11 2022,10:30p,Denver Nuggets,85,Los Angeles Clippers,87,Box Score,,15077.0,2:12,Crypto.com Arena,
Wed Jan 12 2022,7:00p,Boston Celtics,119,Indiana Pacers,100,Box Score,,13560.0,2:10,Gainbridge Fieldhouse,
Wed Jan 12 2022,7:00p,Charlotte Hornets,109,Philadelphia 76ers,98,Box Score,,20317.0,2:11,Wells Fargo Center,
Wed Jan 12 2022,7:00p,Orlando Magic,106,Washington Wizards,112,Box Score,,13138.0,2:05,Capital One Arena,
Wed Jan 12 2022,7:30p,Miami Heat,115,Atlanta Hawks,91,Box Score,,15355.0,2:07,State Farm Arena,
Wed Jan 12 2022,7:30p,Dallas Mavericks,85,New York Knicks,108,Box Score,,18215.0,2:08,Madison Square Garden (IV),
Wed Jan 12 2022,8:30p,Houston Rockets,128,San Antonio Spurs,124,Box Score,,11314.0,2:20,AT&T Center,
Wed Jan 12 2022,9:00p,Cleveland Cavaliers,111,Utah Jazz,91,Box Score,,18306.0,2:03,Vivint Smart Home Arena,
Wed Jan 12 2022,10:00p,Brooklyn Nets,138,Chicago Bulls,112,Box Score,,21698.0,2:16,United Center,
Wed Jan 12 2022,10:00p,Los Angeles Lakers,116,Sacramento Kings,125,Box Score,,12199.0,2:13,Golden 1 Center,
Thu Jan 13 2022,7:30p,Golden State Warriors,99,Milwaukee Bucks,118,Box Score,,17848.0,2:13,Fiserv Forum,
Thu Jan 13 2022,8:00p,Minnesota Timberwolves,108,Memphis Grizzlies,116,Box Score,,15881.0,2:24,FedEx Forum,
Thu Jan 13 2022,8:00p,Los Angeles Clippers,89,New Orleans Pelicans,113,Box Score,,15406.0,2:04,Smoothie King Center,
Thu Jan 13 2022,8:30p,Oklahoma City Thunder,130,Brooklyn Nets,109,Box Score,,16964.0,2:09,Barclays Center,
Thu Jan 13 2022,10:00p,Portland Trail Blazers,108,Denver Nuggets,140,Box Score,,14972.0,2:17,Ball Arena,
Fri Jan 14 2022,7:00p,Orlando Magic,116,Charlotte Hornets,109,Box Score,,16011.0,2:14,Spectrum Center,
Fri Jan 14 2022,7:00p,Toronto Raptors,87,Detroit Pistons,103,Box Score,,18011.0,2:22,Little Caesars Arena,
Fri Jan 14 2022,7:00p,Phoenix Suns,112,Indiana Pacers,94,Box Score,,14019.0,2:12,Gainbridge Fieldhouse,
Fri Jan 14 2022,7:00p,Boston Celtics,99,Philadelphia 76ers,111,Box Score,,20444.0,2:11,Wells Fargo Center,
Fri Jan 14 2022,7:30p,Golden State Warriors,138,Chicago Bulls,96,Box Score,,21174.0,2:08,United Center,
Fri Jan 14 2022,8:00p,Atlanta Hawks,118,Miami Heat,124,Box Score,,19600.0,2:26,FTX Arena,
Fri Jan 14 2022,8:30p,Cleveland Cavaliers,114,San Antonio Spurs,109,Box Score,,12160.0,2:11,AT&T Center,
Fri Jan 14 2022,10:00p,Dallas Mavericks,112,Memphis Grizzlies,85,Box Score,,16712.0,2:09,FedEx Forum,
Fri Jan 14 2022,10:00p,Houston Rockets,114,Sacramento Kings,126,Box Score,,12857.0,2:14,Golden 1 Center,
Sat Jan 15 2022,6:30p,Toronto Raptors,103,Milwaukee Bucks,96,Box Score,,17341.0,2:22,Fiserv Forum,
Sat Jan 15 2022,7:00p,Portland Trail Blazers,115,Washington Wizards,110,Box Score,,15124.0,2:20,Capital One Arena,
Sat Jan 15 2022,7:30p,New York Knicks,117,Atlanta Hawks,108,Box Score,,16414.0,2:12,State Farm Arena,
Sat Jan 15 2022,7:30p,New Orleans Pelicans,105,Brooklyn Nets,120,Box Score,,17034.0,2:09,Barclays Center,
Sat Jan 15 2022,8:00p,Philadelphia 76ers,109,Miami Heat,98,Box Score,,19600.0,2:14,FTX Arena,
Sat Jan 15 2022,8:00p,Cleveland Cavaliers,107,Oklahoma City Thunder,102,Box Score,,15284.0,2:35,Paycom Center,
Sat Jan 15 2022,8:30p,Chicago Bulls,112,Boston Celtics,114,Box Score,,19156.0,2:08,TD Garden,
Sat Jan 15 2022,8:30p,Los Angeles Clippers,94,San Antonio Spurs,101,Box Score,,13223.0,2:03,AT&T Center,
Sat Jan 15 2022,9:00p,Los Angeles Lakers,96,Denver Nuggets,133,Box Score,,19520.0,2:01,Ball Arena,
Sat Jan 15 2022,9:30p,Orlando Magic,92,Dallas Mavericks,108,Box Score,,19816.0,2:14,American Airlines Center,
Sun Jan 16 2022,1:00p,Phoenix Suns,135,Detroit Pistons,108,Box Score,,18178.0,2:19,Little Caesars Arena,
Sun Jan 16 2022,6:00p,Houston Rockets,118,Sacramento Kings,112,Box Score,,13601.0,2:17,Golden 1 Center,
Sun Jan 16 2022,8:00p,Utah Jazz,125,Denver Nuggets,102,Box Score,,15647.0,2:04,Ball Arena,
Sun Jan 16 2022,8:00p,Golden State Warriors,99,Minnesota Timberwolves,119,Box Score,,17136.0,2:14,Target Center,
Mon Jan 17 2022,12:30p,New Orleans Pelicans,92,Boston Celtics,104,Box Score,,19156.0,2:02,TD Garden,
Mon Jan 17 2022,1:00p,Charlotte Hornets,97,New York Knicks,87,Box Score,,19812.0,2:00,Madison Square Garden (IV),
Mon Jan 17 2022,2:00p,Philadelphia 76ers,98,Washington Wizards,117,Box Score,,14581.0,2:11,Capital One Arena,
Mon Jan 17 2022,3:00p,Brooklyn Nets,107,Cleveland Cavaliers,114,Box Score,,18105.0,2:10,Rocket Mortgage Fieldhouse,
Mon Jan 17 2022,3:30p,Indiana Pacers,133,Los Angeles Clippers,139,Box Score,,15080.0,2:19,Crypto.com Arena,
Mon Jan 17 2022,3:30p,Chicago Bulls,106,Memphis Grizzlies,119,Box Score,,17794.0,2:14,FedEx Forum,
Mon Jan 17 2022,6:00p,Milwaukee Bucks,114,Atlanta Hawks,121,Box Score,,16903.0,2:31,State Farm Arena,
Mon Jan 17 2022,7:00p,Portland Trail Blazers,98,Orlando Magic,88,Box Score,,13648.0,2:10,Amway Center,
Mon Jan 17 2022,7:30p,Toronto Raptors,99,Miami Heat,104,Box Score,,19600.0,2:18,FTX Arena,
Mon Jan 17 2022,8:30p,Oklahoma City Thunder,102,Dallas Mavericks,104,Box Score,,19266.0,2:12,American Airlines Center,
Mon Jan 17 2022,8:30p,Phoenix Suns,121,San Antonio Spurs,107,Box Score,,10422.0,2:01,AT&T Center,
Mon Jan 17 2022,10:30p,Utah Jazz,95,Los Angeles Lakers,101,Box Score,,17238.0,2:24,Crypto.com Arena,
Tue Jan 18 2022,7:30p,Minnesota Timberwolves,112,New York Knicks,110,Box Score,,16071.0,2:33,Madison Square Garden (IV),
Tue Jan 18 2022,10:00p,Detroit Pistons,86,Golden State Warriors,102,Box Score,,18064.0,2:11,Chase Center,
Wed Jan 19 2022,7:00p,Orlando Magic,110,Philadelphia 76ers,123,Box Score,,20081.0,2:10,Wells Fargo Center,
Wed Jan 19 2022,7:00p,Brooklyn Nets,119,Washington Wizards,118,Box Score,,15380.0,2:19,Capital One Arena,
Wed Jan 19 2022,7:30p,Minnesota Timberwolves,122,Atlanta Hawks,134,Box Score,,15199.0,2:27,State Farm Arena,
Wed Jan 19 2022,7:30p,Charlotte Hornets,111,Boston Celtics,102,Box Score,,19156.0,2:18,TD Garden,
Wed Jan 19 2022,7:30p,Portland Trail Blazers,92,Miami Heat,104,Box Score,,19600.0,,FTX Arena,
Wed Jan 19 2022,8:00p,Cleveland Cavaliers,104,Chicago Bulls,117,Box Score,,20824.0,2:07,United Center,
Wed Jan 19 2022,8:00p,Memphis Grizzlies,114,Milwaukee Bucks,126,Box Score,,17341.0,2:21,Fiserv Forum,
Wed Jan 19 2022,8:30p,Toronto Raptors,98,Dallas Mavericks,102,Box Score,,19218.0,2:18,American Airlines Center,
Wed Jan 19 2022,8:30p,Oklahoma City Thunder,96,San Antonio Spurs,118,Box Score,,11848.0,2:05,AT&T Center,
Wed Jan 19 2022,9:00p,Houston Rockets,116,Utah Jazz,111,Box Score,,18306.0,2:11,Vivint Smart Home Arena,
Wed Jan 19 2022,10:00p,Los Angeles Clippers,128,Denver Nuggets,130,Box Score,OT,14547.0,2:35,Ball Arena,
Wed Jan 19 2022,10:00p,Detroit Pistons,133,Sacramento Kings,131,Box Score,,12907.0,2:21,Golden 1 Center,
Wed Jan 19 2022,10:30p,Indiana Pacers,111,Los Angeles Lakers,104,Box Score,,17818.0,2:13,Crypto.com Arena,
Thu Jan 20 2022,7:30p,Phoenix Suns,109,Dallas Mavericks,101,Box Score,,18306.0,2:21,American Airlines Center,
Thu Jan 20 2022,7:30p,New Orleans Pelicans,102,New York Knicks,91,Box Score,,16168.0,2:12,Madison Square Garden (IV),
Thu Jan 20 2022,10:00p,Indiana Pacers,121,Golden State Warriors,117,Box Score,OT,18064.0,3:01,Chase Center,
Fri Jan 21 2022,7:00p,Oklahoma City Thunder,98,Charlotte Hornets,121,Box Score,,15835.0,2:05,Spectrum Center,
Fri Jan 21 2022,7:00p,Los Angeles Lakers,116,Orlando Magic,105,Box Score,,18846.0,2:20,Amway Center,
Fri Jan 21 2022,7:00p,Los Angeles Clippers,102,Philadelphia 76ers,101,Box Score,,20182.0,2:12,Wells Fargo Center,
Fri Jan 21 2022,7:30p,Miami Heat,108,Atlanta Hawks,110,Box Score,,16385.0,2:17,State Farm Arena,
Fri Jan 21 2022,7:30p,Portland Trail Blazers,109,Boston Celtics,105,Box Score,,19156.0,2:25,TD Garden,
Fri Jan 21 2022,8:00p,Chicago Bulls,90,Milwaukee Bucks,94,Box Score,,18013.0,2:30,Fiserv Forum,
Fri Jan 21 2022,8:00p,Toronto Raptors,109,Washington Wizards,105,Box Score,,14755.0,2:04,Capital One Arena,
Fri Jan 21 2022,8:30p,Brooklyn Nets,117,San Antonio Spurs,102,Box Score,,15068.0,2:06,AT&T Center,
Fri Jan 21 2022,9:00p,Memphis Grizzlies,122,Denver Nuggets,118,Box Score,,17009.0,2:26,Ball Arena,
Fri Jan 21 2022,9:00p,Detroit Pistons,101,Utah Jazz,111,Box Score,,18306.0,2:20,Vivint Smart Home Arena,
Fri Jan 21 2022,10:00p,Houston Rockets,103,Golden State Warriors,105,Box Score,,18064.0,2:21,Chase Center,
Sat Jan 22 2022,7:00p,Sacramento Kings,127,Milwaukee Bucks,133,Box Score,,17341.0,2:12,Fiserv Forum,
Sat Jan 22 2022,8:00p,Oklahoma City Thunder,87,Cleveland Cavaliers,94,Box Score,,19432.0,2:28,Rocket Mortgage Fieldhouse,
Sat Jan 22 2022,9:00p,Indiana Pacers,103,Phoenix Suns,113,Box Score,,17071.0,2:09,Phoenix Suns Arena,
Sun Jan 23 2022,1:00p,Los Angeles Clippers,102,New York Knicks,110,Box Score,,19812.0,2:09,Madison Square Garden (IV),
Sun Jan 23 2022,3:30p,Boston Celtics,116,Washington Wizards,87,Box Score,,16371.0,2:00,Capital One Arena,
Sun Jan 23 2022,6:00p,Los Angeles Lakers,107,Miami Heat,113,Box Score,,19973.0,2:30,FTX Arena,
Sun Jan 23 2022,6:00p,Chicago Bulls,95,Orlando Magic,114,Box Score,,18846.0,2:21,Amway Center,
Sun Jan 23 2022,6:00p,Portland Trail Blazers,114,Toronto Raptors,105,Box Score,,,2:09,Scotiabank Arena,
Sun Jan 23 2022,7:00p,Atlanta Hawks,113,Charlotte Hornets,91,Box Score,,15822.0,2:16,Spectrum Center,
Sun Jan 23 2022,7:00p,Philadelphia 76ers,115,San Antonio Spurs,109,Box Score,,16437.0,2:06,AT&T Center,
Sun Jan 23 2022,7:30p,Memphis Grizzlies,91,Dallas Mavericks,104,Box Score,,19701.0,2:18,American Airlines Center,
Sun Jan 23 2022,8:00p,Detroit Pistons,111,Denver Nuggets,117,Box Score,,14060.0,2:21,Ball Arena,
Sun Jan 23 2022,8:00p,Brooklyn Nets,125,Minnesota Timberwolves,136,Box Score,,16475.0,2:15,Target Center,
Sun Jan 23 2022,8:30p,Utah Jazz,92,Golden State Warriors,94,Box Score,,18064.0,2:04,Chase Center,
Mon Jan 24 2022,7:00p,New York Knicks,93,Cleveland Cavaliers,95,Box Score,,17321.0,2:10,Rocket Mortgage Fieldhouse,
Mon Jan 24 2022,8:00p,Indiana Pacers,113,New Orleans Pelicans,117,Box Score,,15581.0,2:27,Smoothie King Center,
Mon Jan 24 2022,8:00p,Chicago Bulls,111,Oklahoma City Thunder,110,Box Score,,14378.0,2:17,Paycom Center,
Mon Jan 24 2022,9:00p,Utah Jazz,109,Phoenix Suns,115,Box Score,,17071.0,2:02,Phoenix Suns Arena,
Tue Jan 25 2022,7:00p,Denver Nuggets,110,Detroit Pistons,105,Box Score,,16023.0,2:19,Little Caesars Arena,
Tue Jan 25 2022,7:00p,New Orleans Pelicans,107,Philadelphia 76ers,117,Box Score,,20121.0,2:12,Wells Fargo Center,
Tue Jan 25 2022,7:00p,Charlotte Hornets,113,Toronto Raptors,125,Box Score,,0.0,2:15,Scotiabank Arena,
Tue Jan 25 2022,7:00p,Los Angeles Clippers,116,Washington Wizards,115,Box Score,,13544.0,2:30,Capital One Arena,
Tue Jan 25 2022,7:30p,Sacramento Kings,75,Boston Celtics,128,Box Score,,19156.0,1:55,TD Garden,
Tue Jan 25 2022,7:30p,Los Angeles Lakers,106,Brooklyn Nets,96,Box Score,,18126.0,2:12,Barclays Center,
Tue Jan 25 2022,8:00p,San Antonio Spurs,134,Houston Rockets,104,Box Score,,15007.0,2:03,Toyota Center,
Tue Jan 25 2022,10:00p,Dallas Mavericks,92,Golden State Warriors,130,Box Score,,18064.0,2:15,Chase Center,
Tue Jan 25 2022,10:00p,Minnesota Timberwolves,109,Portland Trail Blazers,107,Box Score,,16422.0,2:21,Moda Center,
Wed Jan 26 2022,7:00p,Milwaukee Bucks,99,Cleveland Cavaliers,115,Box Score,,18904.0,2:08,Rocket Mortgage Fieldhouse,
Wed Jan 26 2022,7:00p,Charlotte Hornets,158,Indiana Pacers,126,Box Score,,14116.0,2:24,Gainbridge Fieldhouse,
Wed Jan 26 2022,7:00p,Los Angeles Clippers,111,Orlando Magic,102,Box Score,,12448.0,2:17,Amway Center,
Wed Jan 26 2022,7:30p,Sacramento Kings,104,Atlanta Hawks,121,Box Score,,15080.0,2:03,State Farm Arena,
Wed Jan 26 2022,7:30p,New York Knicks,96,Miami Heat,110,Box Score,,19600.0,2:15,FTX Arena,
Wed Jan 26 2022,8:00p,Denver Nuggets,124,Brooklyn Nets,118,Box Score,,18011.0,2:17,Barclays Center,
Wed Jan 26 2022,8:00p,Toronto Raptors,105,Chicago Bulls,111,Box Score,,20269.0,2:16,United Center,
Wed Jan 26 2022,8:30p,Memphis Grizzlies,118,San Antonio Spurs,110,Box Score,,14662.0,2:15,AT&T Center,
Wed Jan 26 2022,10:00p,Dallas Mavericks,132,Portland Trail Blazers,112,Box Score,,16334.0,2:14,Moda Center,
Wed Jan 26 2022,10:00p,Phoenix Suns,105,Utah Jazz,97,Box Score,,18306.0,2:25,Vivint Smart Home Arena,
Thu Jan 27 2022,7:30p,Los Angeles Lakers,87,Philadelphia 76ers,105,Box Score,,20953.0,2:11,Wells Fargo Center,
Thu Jan 27 2022,10:00p,Minnesota Timberwolves,115,Golden State Warriors,124,Box Score,,18064.0,2:20,Chase Center,
Fri Jan 28 2022,7:00p,Detroit Pistons,103,Orlando Magic,119,Box Score,,13156.0,2:16,Amway Center,
Fri Jan 28 2022,7:30p,Boston Celtics,92,Atlanta Hawks,108,Box Score,,16932.0,2:13,State Farm Arena,
Fri Jan 28 2022,7:30p,Los Angeles Lakers,114,Charlotte Hornets,117,Box Score,,19469.0,2:36,Spectrum Center,
Fri Jan 28 2022,8:00p,Portland Trail Blazers,125,Houston Rockets,110,Box Score,,16100.0,2:14,Toyota Center,
Fri Jan 28 2022,8:00p,Utah Jazz,109,Memphis Grizzlies,119,Box Score,,16916.0,2:09,FedEx Forum,
Fri Jan 28 2022,8:00p,Los Angeles Clippers,114,Miami Heat,121,Box Score,,19600.0,2:22,FTX Arena,
Fri Jan 28 2022,8:00p,Denver Nuggets,116,New Orleans Pelicans,105,Box Score,,15254.0,2:14,Smoothie King Center,
Fri Jan 28 2022,8:00p,Indiana Pacers,113,Oklahoma City Thunder,110,Box Score,OT,15106.0,2:32,Paycom Center,
Fri Jan 28 2022,8:30p,Chicago Bulls,122,San Antonio Spurs,131,Box Score,,18354.0,2:07,AT&T Center,
Fri Jan 28 2022,9:00p,Minnesota Timberwolves,124,Phoenix Suns,134,Box Score,,17071.0,2:23,Phoenix Suns Arena,
Fri Jan 28 2022,10:00p,New York Knicks,108,Milwaukee Bucks,123,Box Score,,17341.0,2:26,Fiserv Forum,
Sat Jan 29 2022,7:00p,Indiana Pacers,105,Dallas Mavericks,132,Box Score,,19831.0,2:06,American Airlines Center,
Sat Jan 29 2022,7:00p,Boston Celtics,107,New Orleans Pelicans,97,Box Score,,16168.0,2:06,Smoothie King Center,
Sat Jan 29 2022,7:30p,Sacramento Kings,101,Philadelphia 76ers,103,Box Score,,20380.0,2:10,Wells Fargo Center,
Sat Jan 29 2022,8:00p,Washington Wizards,95,Memphis Grizzlies,115,Box Score,,17135.0,2:03,FedEx Forum,
Sat Jan 29 2022,8:00p,Toronto Raptors,124,Miami Heat,120,Box Score,3OT,19600.0,3:00,FTX Arena,
Sat Jan 29 2022,8:30p,Brooklyn Nets,106,Golden State Warriors,110,Box Score,,18064.0,2:30,Chase Center,
Sun Jan 30 2022,1:00p,Los Angeles Lakers,121,Atlanta Hawks,129,Box Score,,17391.0,2:13,State Farm Arena,
Sun Jan 30 2022,1:00p,Los Angeles Clippers,115,Charlotte Hornets,90,Box Score,,18674.0,2:14,Spectrum Center,
Sun Jan 30 2022,3:30p,Portland Trail Blazers,116,Chicago Bulls,130,Box Score,,19521.0,1:58,United Center,
Sun Jan 30 2022,6:00p,Cleveland Cavaliers,105,Detroit Pistons,115,Box Score,,16811.0,2:11,Little Caesars Arena,
Sun Jan 30 2022,7:00p,Denver Nuggets,136,Milwaukee Bucks,100,Box Score,,17341.0,2:00,Fiserv Forum,
Sun Jan 30 2022,7:00p,Dallas Mavericks,108,Orlando Magic,110,Box Score,,13376.0,2:07,Amway Center,
Sun Jan 30 2022,8:00p,Utah Jazz,106,Minnesota Timberwolves,126,Box Score,,10407.0,2:10,Target Center,
Sun Jan 30 2022,8:00p,San Antonio Spurs,110,Phoenix Suns,115,Box Score,,17071.0,1:58,Phoenix Suns Arena,
Mon Jan 31 2022,7:00p,New Orleans Pelicans,90,Cleveland Cavaliers,93,Box Score,,17637.0,2:11,Rocket Mortgage Fieldhouse,
Mon Jan 31 2022,7:00p,Los Angeles Clippers,116,Indiana Pacers,122,Box Score,,14629.0,2:04,Gainbridge Fieldhouse,
Mon Jan 31 2022,7:00p,Memphis Grizzlies,119,Philadelphia 76ers,122,Box Score,OT,20424.0,2:26,Wells Fargo Center,
Mon Jan 31 2022,7:30p,Toronto Raptors,106,Atlanta Hawks,100,Box Score,,14168.0,2:04,State Farm Arena,
Mon Jan 31 2022,7:30p,Miami Heat,92,Boston Celtics,122,Box Score,,19156.0,2:04,TD Garden,
Mon Jan 31 2022,7:30p,Sacramento Kings,96,New York Knicks,116,Box Score,,15925.0,2:11,Madison Square Garden (IV),
Mon Jan 31 2022,8:00p,Golden State Warriors,122,Houston Rockets,108,Box Score,,16146.0,2:25,Toyota Center,
Mon Jan 31 2022,8:00p,Portland Trail Blazers,81,Oklahoma City Thunder,98,Box Score,,13812.0,2:01,Paycom Center,
Tue Feb 1 2022,7:00p,New Orleans Pelicans,111,Detroit Pistons,101,Box Score,,15499.0,2:20,Little Caesars Arena,
Tue Feb 1 2022,7:30p,Washington Wizards,98,Milwaukee Bucks,112,Box Score,,17341.0,2:18,Fiserv Forum,
Tue Feb 1 2022,7:30p,Miami Heat,106,Toronto Raptors,110,Box Score,,,2:16,Scotiabank Arena,
Tue Feb 1 2022,8:00p,Orlando Magic,115,Chicago Bulls,126,Box Score,,20217.0,2:06,United Center,
Tue Feb 1 2022,8:00p,Denver Nuggets,115,Minnesota Timberwolves,130,Box Score,,15839.0,2:08,Target Center,
Tue Feb 1 2022,8:30p,Golden State Warriors,124,San Antonio Spurs,120,Box Score,,17070.0,2:15,AT&T Center,
Tue Feb 1 2022,10:00p,Brooklyn Nets,111,Phoenix Suns,121,Box Score,,17071.0,2:22,Phoenix Suns Arena,
Wed Feb 2 2022,7:00p,Orlando Magic,119,Indiana Pacers,118,Box Score,,14528.0,2:24,Gainbridge Fieldhouse,
Wed Feb 2 2022,7:00p,Washington Wizards,106,Philadelphia 76ers,103,Box Score,,20089.0,2:11,Wells Fargo Center,
Wed Feb 2 2022,7:30p,Charlotte Hornets,107,Boston Celtics,113,Box Score,,19156.0,2:13,TD Garden,
Wed Feb 2 2022,7:30p,Memphis Grizzlies,120,New York Knicks,108,Box Score,,19812.0,2:25,Madison Square Garden (IV),
Wed Feb 2 2022,8:00p,Cleveland Cavaliers,104,Houston Rockets,115,Box Score,,14163.0,2:20,Toyota Center,
Wed Feb 2 2022,8:30p,Oklahoma City Thunder,120,Dallas Mavericks,114,Box Score,OT,19200.0,2:21,American Airlines Center,
Wed Feb 2 2022,10:00p,Brooklyn Nets,101,Sacramento Kings,112,Box Score,,13153.0,2:00,Golden 1 Center,
Wed Feb 2 2022,10:00p,Denver Nuggets,104,Utah Jazz,108,Box Score,,18306.0,2:16,Vivint Smart Home Arena,
Wed Feb 2 2022,10:30p,Portland Trail Blazers,94,Los Angeles Lakers,99,Box Score,,17259.0,2:19,Crypto.com Arena,
Thu Feb 3 2022,7:00p,Minnesota Timberwolves,128,Detroit Pistons,117,Box Score,,15523.0,2:15,Little Caesars Arena,
Thu Feb 3 2022,7:00p,Miami Heat,112,San Antonio Spurs,95,Box Score,,14971.0,2:09,AT&T Center,
Thu Feb 3 2022,7:30p,Phoenix Suns,115,Atlanta Hawks,124,Box Score,,16958.0,2:16,State Farm Arena,
Thu Feb 3 2022,7:30p,Chicago Bulls,120,Toronto Raptors,127,Box Score,OT,,2:22,Scotiabank Arena,
Thu Feb 3 2022,10:00p,Sacramento Kings,114,Golden State Warriors,126,Box Score,,18064.0,2:09,Chase Center,
Thu Feb 3 2022,10:00p,Los Angeles Lakers,110,Los Angeles Clippers,111,Box Score,,19068.0,2:21,Crypto.com Arena,
Fri Feb 4 2022,7:00p,Cleveland Cavaliers,102,Charlotte Hornets,101,Box Score,,17733.0,2:16,Spectrum Center,
Fri Feb 4 2022,7:00p,Boston Celtics,102,Detroit Pistons,93,Box Score,,17584.0,2:09,Little Caesars Arena,
Fri Feb 4 2022,7:00p,Chicago Bulls,122,Indiana Pacers,115,Box Score,,16355.0,2:13,Gainbridge Fieldhouse,
Fri Feb 4 2022,7:30p,Atlanta Hawks,114,Toronto Raptors,125,Box Score,,,2:01,Scotiabank Arena,
Fri Feb 4 2022,8:30p,Houston Rockets,106,San Antonio Spurs,131,Box Score,,15344.0,2:08,AT&T Center,
Fri Feb 4 2022,9:00p,New Orleans Pelicans,113,Denver Nuggets,105,Box Score,,16152.0,2:07,Ball Arena,
Fri Feb 4 2022,9:00p,Brooklyn Nets,102,Utah Jazz,125,Box Score,,18306.0,1:56,Vivint Smart Home Arena,
Fri Feb 4 2022,10:00p,Philadelphia 76ers,98,Dallas Mavericks,107,Box Score,,19200.0,2:59,American Airlines Center,
Fri Feb 4 2022,10:00p,Oklahoma City Thunder,96,Portland Trail Blazers,93,Box Score,,15329.0,2:12,Moda Center,
Sat Feb 5 2022,5:00p,Memphis Grizzlies,135,Orlando Magic,115,Box Score,,18846.0,2:10,Amway Center,
Sat Feb 5 2022,7:00p,Miami Heat,104,Charlotte Hornets,86,Box Score,,19420.0,2:00,Spectrum Center,
Sat Feb 5 2022,7:00p,Phoenix Suns,95,Washington Wizards,80,Box Score,,18058.0,2:02,Capital One Arena,
Sat Feb 5 2022,8:30p,New York Knicks,115,Los Angeles Lakers,122,Box Score,OT,18997.0,2:49,Crypto.com Arena,
Sat Feb 5 2022,10:00p,Milwaukee Bucks,137,Portland Trail Blazers,108,Box Score,,19393.0,2:08,Moda Center,
Sat Feb 5 2022,10:00p,Oklahoma City Thunder,103,Sacramento Kings,113,Box Score,,14097.0,2:05,Golden 1 Center,
Sun Feb 6 2022,3:30p,Philadelphia 76ers,119,Chicago Bulls,108,Box Score,,20233.0,2:14,United Center,
Sun Feb 6 2022,3:30p,Brooklyn Nets,104,Denver Nuggets,124,Box Score,,18241.0,2:07,Ball Arena,
Sun Feb 6 2022,3:30p,Detroit Pistons,105,Minnesota Timberwolves,118,Box Score,,16487.0,2:09,Target Center,
Sun Feb 6 2022,6:00p,Indiana Pacers,85,Cleveland Cavaliers,98,Box Score,,19432.0,2:20,Rocket Mortgage Fieldhouse,
Sun Feb 6 2022,6:00p,Atlanta Hawks,94,Dallas Mavericks,103,Box Score,,19887.0,2:14,American Airlines Center,
Sun Feb 6 2022,6:00p,Boston Celtics,116,Orlando Magic,83,Box Score,,14402.0,2:05,Amway Center,
Sun Feb 6 2022,7:00p,New Orleans Pelicans,120,Houston Rockets,107,Box Score,,15702.0,2:11,Toyota Center,
Sun Feb 6 2022,9:00p,Milwaukee Bucks,137,Los Angeles Clippers,113,Box Score,,17395.0,2:08,Crypto.com Arena,
Mon Feb 7 2022,7:00p,Toronto Raptors,116,Charlotte Hornets,101,Box Score,,14102.0,2:09,Spectrum Center,
Mon Feb 7 2022,7:00p,Miami Heat,121,Washington Wizards,100,Box Score,,14222.0,2:12,Capital One Arena,
Mon Feb 7 2022,8:00p,Phoenix Suns,127,Chicago Bulls,124,Box Score,,20615.0,2:10,United Center,
Mon Feb 7 2022,8:00p,Golden State Warriors,110,Oklahoma City Thunder,98,Box Score,,17009.0,2:08,Paycom Center,
Mon Feb 7 2022,9:00p,New York Knicks,104,Utah Jazz,113,Box Score,,18306.0,2:23,Vivint Smart Home Arena,
Tue Feb 8 2022,7:00p,Phoenix Suns,114,Philadelphia 76ers,109,Box Score,,20720.0,2:12,Wells Fargo Center,
Tue Feb 8 2022,7:30p,Indiana Pacers,112,Atlanta Hawks,133,Box Score,,14265.0,2:07,State Farm Arena,
Tue Feb 8 2022,7:30p,Boston Celtics,126,Brooklyn Nets,91,Box Score,,17732.0,2:06,Barclays Center,
Tue Feb 8 2022,8:00p,Los Angeles Clippers,109,Memphis Grizzlies,135,Box Score,,16101.0,2:10,FedEx Forum,
Tue Feb 8 2022,8:00p,Houston Rockets,97,New Orleans Pelicans,110,Box Score,,15121.0,2:15,Smoothie King Center,
Tue Feb 8 2022,8:30p,Detroit Pistons,86,Dallas Mavericks,116,Box Score,,19200.0,2:07,American Airlines Center,
Tue Feb 8 2022,9:00p,New York Knicks,115,Denver Nuggets,132,Box Score,,15093.0,2:08,Ball Arena,
Tue Feb 8 2022,10:00p,Milwaukee Bucks,131,Los Angeles Lakers,116,Box Score,,18997.0,2:25,Crypto.com Arena,
Tue Feb 8 2022,10:00p,Orlando Magic,113,Portland Trail Blazers,95,Box Score,,16024.0,1:57,Moda Center,
Tue Feb 8 2022,10:00p,Minnesota Timberwolves,134,Sacramento Kings,114,Box Score,,12409.0,2:07,Golden 1 Center,
Wed Feb 9 2022,7:00p,San Antonio Spurs,92,Cleveland Cavaliers,105,Box Score,,19432.0,2:01,Rocket Mortgage Fieldhouse,
Wed Feb 9 2022,7:30p,Chicago Bulls,121,Charlotte Hornets,109,Box Score,,19099.0,2:12,Spectrum Center,
Wed Feb 9 2022,8:00p,Toronto Raptors,117,Oklahoma City Thunder,98,Box Score,,13858.0,1:57,Paycom Center,
Wed Feb 9 2022,10:00p,Los Angeles Lakers,105,Portland Trail Blazers,107,Box Score,,19393.0,2:06,Moda Center,
Wed Feb 9 2022,10:00p,Minnesota Timberwolves,119,Sacramento Kings,132,Box Score,,12527.0,2:19,Golden 1 Center,
Wed Feb 9 2022,10:00p,Golden State Warriors,85,Utah Jazz,111,Box Score,,18306.0,2:16,Vivint Smart Home Arena,
Thu Feb 10 2022,7:00p,Memphis Grizzlies,132,Detroit Pistons,107,Box Score,,18744.0,2:16,Little Caesars Arena,
Thu Feb 10 2022,7:30p,Miami Heat,112,New Orleans Pelicans,97,Box Score,,16672.0,2:08,Smoothie King Center,
Thu Feb 10 2022,7:30p,Brooklyn Nets,112,Washington Wizards,113,Box Score,,15204.0,2:21,Capital One Arena,
Thu Feb 10 2022,8:00p,Toronto Raptors,139,Houston Rockets,120,Box Score,,16129.0,2:17,Toyota Center,
Thu Feb 10 2022,8:30p,Los Angeles Clippers,105,Dallas Mavericks,112,Box Score,,19532.0,2:22,American Airlines Center,
Thu Feb 10 2022,10:00p,New York Knicks,116,Golden State Warriors,114,Box Score,,18064.0,2:20,Chase Center,
Thu Feb 10 2022,10:00p,Milwaukee Bucks,107,Phoenix Suns,131,Box Score,,17071.0,2:18,Phoenix Suns Arena,
Fri Feb 11 2022,7:00p,Charlotte Hornets,141,Detroit Pistons,119,Box Score,,20088.0,2:08,Little Caesars Arena,
Fri Feb 11 2022,7:00p,Cleveland Cavaliers,120,Indiana Pacers,113,Box Score,,15075.0,2:17,Gainbridge Fieldhouse,
Fri Feb 11 2022,7:00p,Oklahoma City Thunder,87,Philadelphia 76ers,100,Box Score,,20669.0,2:05,Wells Fargo Center,
Fri Feb 11 2022,7:30p,San Antonio Spurs,136,Atlanta Hawks,121,Box Score,,17234.0,2:09,State Farm Arena,
Fri Feb 11 2022,7:30p,Denver Nuggets,102,Boston Celtics,108,Box Score,,19156.0,2:17,TD Garden,
Fri Feb 11 2022,8:00p,Minnesota Timberwolves,122,Chicago Bulls,134,Box Score,,20092.0,2:05,United Center,
Fri Feb 11 2022,9:00p,Orlando Magic,99,Utah Jazz,114,Box Score,,18306.0,2:07,Vivint Smart Home Arena,
Sat Feb 12 2022,5:00p,New York Knicks,103,Portland Trail Blazers,112,Box Score,,18521.0,2:16,Moda Center,
Sat Feb 12 2022,7:00p,Memphis Grizzlies,125,Charlotte Hornets,118,Box Score,,19454.0,2:33,Spectrum Center,
Sat Feb 12 2022,7:00p,San Antonio Spurs,124,New Orleans Pelicans,114,Box Score,,16615.0,2:07,Smoothie King Center,
Sat Feb 12 2022,7:00p,Sacramento Kings,123,Washington Wizards,110,Box Score,,14169.0,2:08,Capital One Arena,
Sat Feb 12 2022,7:30p,Cleveland Cavaliers,93,Philadelphia 76ers,103,Box Score,,21057.0,2:08,Wells Fargo Center,
Sat Feb 12 2022,7:30p,Denver Nuggets,110,Toronto Raptors,109,Box Score,,0.0,2:08,Scotiabank Arena,
Sat Feb 12 2022,8:00p,Oklahoma City Thunder,101,Chicago Bulls,106,Box Score,,20072.0,2:15,United Center,
Sat Feb 12 2022,8:00p,Brooklyn Nets,111,Miami Heat,115,Box Score,,19600.0,2:17,FTX Arena,
Sat Feb 12 2022,8:30p,Los Angeles Clippers,99,Dallas Mavericks,97,Box Score,,20028.0,2:16,American Airlines Center,
Sat Feb 12 2022,8:30p,Los Angeles Lakers,115,Golden State Warriors,117,Box Score,,18064.0,2:31,Chase Center,
Sat Feb 12 2022,9:00p,Orlando Magic,105,Phoenix Suns,132,Box Score,,17071.0,1:57,Phoenix Suns Arena,
Sun Feb 13 2022,2:00p,Atlanta Hawks,95,Boston Celtics,105,Box Score,,19156.0,2:15,TD Garden,
Sun Feb 13 2022,3:00p,Minnesota Timberwolves,129,Indiana Pacers,120,Box Score,,13532.0,2:14,Gainbridge Fieldhouse,
Mon Feb 14 2022,7:00p,Detroit Pistons,94,Washington Wizards,103,Box Score,,10793.0,2:11,Capital One Arena,
Mon Feb 14 2022,7:30p,Sacramento Kings,85,Brooklyn Nets,109,Box Score,,16873.0,2:10,Barclays Center,
Mon Feb 14 2022,7:30p,Oklahoma City Thunder,127,New York Knicks,123,Box Score,OT,18433.0,2:31,Madison Square Garden (IV),
Mon Feb 14 2022,8:00p,San Antonio Spurs,109,Chicago Bulls,120,Box Score,,21153.0,2:07,United Center,
Mon Feb 14 2022,8:00p,Portland Trail Blazers,122,Milwaukee Bucks,107,Box Score,,17341.0,2:06,Fiserv Forum,
Mon Feb 14 2022,8:00p,Toronto Raptors,90,New Orleans Pelicans,120,Box Score,,15319.0,2:04,Smoothie King Center,
Mon Feb 14 2022,9:00p,Orlando Magic,111,Denver Nuggets,121,Box Score,,15025.0,2:18,Ball Arena,
Mon Feb 14 2022,9:00p,Houston Rockets,101,Utah Jazz,135,Box Score,,18306.0,2:12,Vivint Smart Home Arena,
Mon Feb 14 2022,10:30p,Golden State Warriors,104,Los Angeles Clippers,119,Box Score,,19068.0,2:05,Crypto.com Arena,
Tue Feb 15 2022,7:30p,Cleveland Cavaliers,116,Atlanta Hawks,124,Box Score,,15947.0,2:12,State Farm Arena,
Tue Feb 15 2022,7:30p,Dallas Mavericks,107,Miami Heat,99,Box Score,,19600.0,2:22,FTX Arena,
Tue Feb 15 2022,7:30p,Boston Celtics,135,Philadelphia 76ers,87,Box Score,,20960.0,2:20,Wells Fargo Center,
Tue Feb 15 2022,8:00p,Indiana Pacers,119,Milwaukee Bucks,128,Box Score,,17341.0,,Fiserv Forum,
Tue Feb 15 2022,8:00p,Charlotte Hornets,120,Minnesota Timberwolves,126,Box Score,OT,17136.0,2:48,Target Center,
Tue Feb 15 2022,8:00p,Memphis Grizzlies,121,New Orleans Pelicans,109,Box Score,,15901.0,2:12,Smoothie King Center,
Tue Feb 15 2022,10:00p,Los Angeles Clippers,96,Phoenix Suns,103,Box Score,,17071.0,2:08,Phoenix Suns Arena,
Wed Feb 16 2022,7:00p,Atlanta Hawks,130,Orlando Magic,109,Box Score,,14398.0,2:01,Amway Center,
Wed Feb 16 2022,7:30p,Detroit Pistons,112,Boston Celtics,111,Box Score,,19156.0,2:10,TD Garden,
Wed Feb 16 2022,7:30p,Washington Wizards,108,Indiana Pacers,113,Box Score,,14540.0,2:16,Gainbridge Fieldhouse,
Wed Feb 16 2022,7:30p,Brooklyn Nets,111,New York Knicks,106,Box Score,,18916.0,2:28,Madison Square Garden (IV),
Wed Feb 16 2022,8:00p,Sacramento Kings,118,Chicago Bulls,125,Box Score,,19166.0,2:11,United Center,
Wed Feb 16 2022,8:00p,Portland Trail Blazers,123,Memphis Grizzlies,119,Box Score,,16834.0,2:29,FedEx Forum,
Wed Feb 16 2022,8:00p,Toronto Raptors,103,Minnesota Timberwolves,91,Box Score,,15982.0,2:18,Target Center,
Wed Feb 16 2022,8:00p,San Antonio Spurs,114,Oklahoma City Thunder,106,Box Score,,14920.0,2:14,Paycom Center,
Wed Feb 16 2022,9:00p,Houston Rockets,121,Phoenix Suns,124,Box Score,,17071.0,2:28,Phoenix Suns Arena,
Wed Feb 16 2022,10:00p,Denver Nuggets,117,Golden State Warriors,116,Box Score,,18064.0,2:24,Chase Center,
Wed Feb 16 2022,10:00p,Utah Jazz,101,Los Angeles Lakers,106,Box Score,,17787.0,2:27,Crypto.com Arena,
Thu Feb 17 2022,7:00p,Miami Heat,111,Charlotte Hornets,107,Box Score,2OT,17029.0,2:52,Spectrum Center,
Thu Feb 17 2022,7:30p,Washington Wizards,117,Brooklyn Nets,103,Box Score,,17477.0,2:10,Barclays Center,
Thu Feb 17 2022,8:00p,Dallas Mavericks,125,New Orleans Pelicans,118,Box Score,,15906.0,2:07,Smoothie King Center,
Thu Feb 17 2022,8:30p,Philadelphia 76ers,123,Milwaukee Bucks,120,Box Score,,17341.0,2:28,Fiserv Forum,
Thu Feb 17 2022,10:30p,Houston Rockets,111,Los Angeles Clippers,142,Box Score,,17519.0,2:11,Crypto.com Arena,
Thu Feb 24 2022,7:00p,Cleveland Cavaliers,103,Detroit Pistons,106,Box Score,,15622.0,2:18,Little Caesars Arena,
Thu Feb 24 2022,7:30p,Boston Celtics,129,Brooklyn Nets,106,Box Score,,17986.0,2:13,Barclays Center,
Thu Feb 24 2022,8:00p,Atlanta Hawks,108,Chicago Bulls,112,Box Score,,21236.0,2:22,United Center,
Thu Feb 24 2022,8:00p,Memphis Grizzlies,114,Minnesota Timberwolves,119,Box Score,,16326.0,2:24,Target Center,
Thu Feb 24 2022,8:00p,Phoenix Suns,124,Oklahoma City Thunder,104,Box Score,,14176.0,1:58,Paycom Center,
Thu Feb 24 2022,10:00p,Golden State Warriors,132,Portland Trail Blazers,95,Box Score,,20098.0,2:22,Moda Center,
Thu Feb 24 2022,10:00p,Denver Nuggets,128,Sacramento Kings,110,Box Score,,15855.0,2:10,Golden 1 Center,
Fri Feb 25 2022,7:00p,Toronto Raptors,93,Charlotte Hornets,125,Box Score,,17577.0,1:59,Spectrum Center,
Fri Feb 25 2022,7:00p,Oklahoma City Thunder,129,Indiana Pacers,125,Box Score,OT,15182.0,2:26,Gainbridge Fieldhouse,
Fri Feb 25 2022,7:00p,Houston Rockets,111,Orlando Magic,119,Box Score,,16631.0,2:17,Amway Center,
Fri Feb 25 2022,7:00p,San Antonio Spurs,157,Washington Wizards,153,Box Score,2OT,15302.0,2:56,Capital One Arena,
Fri Feb 25 2022,7:30p,Miami Heat,115,New York Knicks,100,Box Score,,19812.0,2:28,Madison Square Garden (IV),
Fri Feb 25 2022,8:00p,Philadelphia 76ers,133,Minnesota Timberwolves,102,Box Score,,16684.0,2:18,Target Center,
Fri Feb 25 2022,9:00p,New Orleans Pelicans,117,Phoenix Suns,102,Box Score,,17071.0,2:13,Phoenix Suns Arena,
Fri Feb 25 2022,9:00p,Dallas Mavericks,109,Utah Jazz,114,Box Score,,18306.0,2:07,Vivint Smart Home Arena,
Fri Feb 25 2022,10:00p,Los Angeles Clippers,105,Los Angeles Lakers,102,Box Score,,18997.0,2:33,Crypto.com Arena,
Sat Feb 26 2022,12:00p,Boston Celtics,113,Detroit Pistons,104,Box Score,,19122.0,2:20,Little Caesars Arena,
Sat Feb 26 2022,7:30p,Toronto Raptors,100,Atlanta Hawks,127,Box Score,,17870.0,2:09,State Farm Arena,
Sat Feb 26 2022,8:00p,Memphis Grizzlies,116,Chicago Bulls,110,Box Score,,21959.0,2:19,United Center,
Sat Feb 26 2022,8:00p,Washington Wizards,86,Cleveland Cavaliers,92,Box Score,,19432.0,2:10,Rocket Mortgage Fieldhouse,
Sat Feb 26 2022,8:00p,San Antonio Spurs,129,Miami Heat,133,Box Score,,19677.0,2:20,FTX Arena,
Sat Feb 26 2022,8:30p,Brooklyn Nets,126,Milwaukee Bucks,123,Box Score,,17341.0,2:42,Fiserv Forum,
Sat Feb 26 2022,9:00p,Sacramento Kings,110,Denver Nuggets,115,Box Score,,19520.0,2:27,Ball Arena,
Sun Feb 27 2022,1:00p,Philadelphia 76ers,125,New York Knicks,109,Box Score,,19812.0,2:29,Madison Square Garden (IV),
Sun Feb 27 2022,3:30p,Utah Jazz,118,Phoenix Suns,114,Box Score,,17071.0,2:18,Phoenix Suns Arena,
Sun Feb 27 2022,5:00p,Boston Celtics,107,Indiana Pacers,128,Box Score,,16872.0,2:12,Gainbridge Fieldhouse,
Sun Feb 27 2022,7:00p,Detroit Pistons,127,Charlotte Hornets,126,Box Score,OT,15348.0,2:42,Spectrum Center,
Sun Feb 27 2022,7:00p,Los Angeles Clippers,99,Houston Rockets,98,Box Score,,14324.0,2:22,Toyota Center,
Sun Feb 27 2022,7:30p,Dallas Mavericks,107,Golden State Warriors,101,Box Score,,18064.0,2:22,Chase Center,
Sun Feb 27 2022,9:00p,Denver Nuggets,124,Portland Trail Blazers,92,Box Score,,17771.0,2:13,Moda Center,
Sun Feb 27 2022,10:00p,New Orleans Pelicans,123,Los Angeles Lakers,95,Box Score,,17536.0,2:16,Crypto.com Arena,
Mon Feb 28 2022,7:00p,Minnesota Timberwolves,127,Cleveland Cavaliers,122,Box Score,,18421.0,2:34,Rocket Mortgage Fieldhouse,
Mon Feb 28 2022,7:00p,Indiana Pacers,103,Orlando Magic,119,Box Score,,13014.0,2:17,Amway Center,
Mon Feb 28 2022,7:30p,Toronto Raptors,133,Brooklyn Nets,97,Box Score,,17112.0,2:08,Barclays Center,
Mon Feb 28 2022,7:30p,Chicago Bulls,99,Miami Heat,112,Box Score,,19683.0,2:10,FTX Arena,
Mon Feb 28 2022,8:00p,San Antonio Spurs,105,Memphis Grizzlies,118,Box Score,,16812.0,2:08,FedEx Forum,
Mon Feb 28 2022,8:00p,Charlotte Hornets,106,Milwaukee Bucks,130,Box Score,,17341.0,2:25,Fiserv Forum,
Mon Feb 28 2022,8:00p,Sacramento Kings,131,Oklahoma City Thunder,110,Box Score,,13945.0,2:10,Paycom Center,
Tue Mar 1 2022,7:00p,Detroit Pistons,113,Washington Wizards,116,Box Score,,12122.0,2:18,Capital One Arena,
Tue Mar 1 2022,7:30p,Atlanta Hawks,98,Boston Celtics,107,Box Score,,19156.0,2:19,TD Garden,
Tue Mar 1 2022,7:30p,Brooklyn Nets,108,Toronto Raptors,109,Box Score,,18903.0,2:14,Scotiabank Arena,
Tue Mar 1 2022,8:00p,Los Angeles Clippers,113,Houston Rockets,100,Box Score,,12949.0,2:07,Toyota Center,
Tue Mar 1 2022,8:00p,Golden State Warriors,114,Minnesota Timberwolves,129,Box Score,,17136.0,2:17,Target Center,
Tue Mar 1 2022,10:00p,Dallas Mavericks,109,Los Angeles Lakers,104,Box Score,,17857.0,2:20,Crypto.com Arena,
Wed Mar 2 2022,7:00p,Charlotte Hornets,119,Cleveland Cavaliers,98,Box Score,,19019.0,2:10,Rocket Mortgage Fieldhouse,
Wed Mar 2 2022,7:00p,Indiana Pacers,122,Orlando Magic,114,Box Score,OT,11221.0,2:33,Amway Center,
Wed Mar 2 2022,7:30p,New York Knicks,108,Philadelphia 76ers,123,Box Score,,21333.0,2:22,Wells Fargo Center,
Wed Mar 2 2022,8:00p,Utah Jazz,132,Houston Rockets,127,Box Score,OT,13583.0,2:38,Toyota Center,
Wed Mar 2 2022,8:00p,Miami Heat,119,Milwaukee Bucks,120,Box Score,,17341.0,2:15,Fiserv Forum,
Wed Mar 2 2022,8:00p,Sacramento Kings,95,New Orleans Pelicans,125,Box Score,,15490.0,2:06,Smoothie King Center,
Wed Mar 2 2022,9:00p,Oklahoma City Thunder,119,Denver Nuggets,107,Box Score,,15167.0,2:03,Ball Arena,
Wed Mar 2 2022,10:00p,Portland Trail Blazers,90,Phoenix Suns,120,Box Score,,17071.0,2:13,Phoenix Suns Arena,
Thu Mar 3 2022,7:00p,Chicago Bulls,124,Atlanta Hawks,130,Box Score,,17522.0,2:09,State Farm Arena,
Thu Mar 3 2022,7:30p,Memphis Grizzlies,107,Boston Celtics,120,Box Score,,19156.0,2:11,TD Garden,
Thu Mar 3 2022,7:30p,Miami Heat,113,Brooklyn Nets,107,Box Score,,17732.0,2:22,Barclays Center,
Thu Mar 3 2022,7:30p,Detroit Pistons,108,Toronto Raptors,106,Box Score,,19548.0,2:28,Scotiabank Arena,
Thu Mar 3 2022,8:30p,Golden State Warriors,113,Dallas Mavericks,122,Box Score,,20229.0,2:11,American Airlines Center,
Thu Mar 3 2022,8:30p,Sacramento Kings,115,San Antonio Spurs,112,Box Score,,13049.0,2:18,AT&T Center,
Thu Mar 3 2022,10:00p,Los Angeles Lakers,111,Los Angeles Clippers,132,Box Score,,19068.0,2:15,Crypto.com Arena,
Fri Mar 4 2022,7:00p,Indiana Pacers,106,Detroit Pistons,111,Box Score,,17244.0,2:11,Little Caesars Arena,
Fri Mar 4 2022,7:00p,Cleveland Cavaliers,119,Philadelphia 76ers,125,Box Score,,21391.0,2:15,Wells Fargo Center,
Fri Mar 4 2022,7:00p,Atlanta Hawks,117,Washington Wizards,114,Box Score,,15927.0,2:18,Capital One Arena,
Fri Mar 4 2022,7:30p,Milwaukee Bucks,118,Chicago Bulls,112,Box Score,,21259.0,2:31,United Center,
Fri Mar 4 2022,7:30p,Orlando Magic,103,Toronto Raptors,97,Box Score,,19081.0,2:06,Scotiabank Arena,
Fri Mar 4 2022,8:00p,Utah Jazz,90,New Orleans Pelicans,124,Box Score,,16178.0,2:07,Smoothie King Center,
Fri Mar 4 2022,8:00p,Minnesota Timberwolves,138,Oklahoma City Thunder,101,Box Score,,15180.0,2:06,Paycom Center,
Fri Mar 4 2022,9:00p,Houston Rockets,101,Denver Nuggets,116,Box Score,,16254.0,2:13,Ball Arena,
Fri Mar 4 2022,10:00p,New York Knicks,114,Phoenix Suns,115,Box Score,,17071.0,2:29,Phoenix Suns Arena,
Sat Mar 5 2022,5:00p,Sacramento Kings,113,Dallas Mavericks,114,Box Score,,20060.0,2:22,American Airlines Center,
Sat Mar 5 2022,7:00p,San Antonio Spurs,117,Charlotte Hornets,123,Box Score,,18941.0,2:09,Spectrum Center,
Sat Mar 5 2022,8:00p,Orlando Magic,96,Memphis Grizzlies,124,Box Score,,17794.0,2:00,FedEx Forum,
Sat Mar 5 2022,8:00p,Philadelphia 76ers,82,Miami Heat,99,Box Score,,19704.0,2:09,FTX Arena,
Sat Mar 5 2022,8:00p,Portland Trail Blazers,121,Minnesota Timberwolves,135,Box Score,,17136.0,2:22,Target Center,
Sat Mar 5 2022,8:30p,Golden State Warriors,116,Los Angeles Lakers,124,Box Score,,18997.0,2:24,Crypto.com Arena,
Sun Mar 6 2022,1:00p,Brooklyn Nets,120,Boston Celtics,126,Box Score,,19156.0,2:23,TD Garden,
Sun Mar 6 2022,3:30p,Phoenix Suns,122,Milwaukee Bucks,132,Box Score,,17495.0,2:19,Fiserv Forum,
Sun Mar 6 2022,6:00p,Indiana Pacers,123,Washington Wizards,133,Box Score,,13937.0,2:14,Capital One Arena,
Sun Mar 6 2022,7:00p,Memphis Grizzlies,112,Houston Rockets,123,Box Score,,18055.0,2:22,Toyota Center,
Sun Mar 6 2022,7:00p,Utah Jazz,116,Oklahoma City Thunder,103,Box Score,,15079.0,2:06,Paycom Center,
Sun Mar 6 2022,7:30p,Toronto Raptors,96,Cleveland Cavaliers,104,Box Score,,19432.0,2:18,Rocket Mortgage Fieldhouse,
Sun Mar 6 2022,8:00p,New Orleans Pelicans,130,Denver Nuggets,138,Box Score,OT,14962.0,2:43,Ball Arena,
Sun Mar 6 2022,10:00p,New York Knicks,116,Los Angeles Clippers,93,Box Score,,17422.0,2:22,Crypto.com Arena,
Mon Mar 7 2022,7:00p,Atlanta Hawks,110,Detroit Pistons,113,Box Score,OT,14942.0,2:39,Little Caesars Arena,
Mon Mar 7 2022,7:00p,Chicago Bulls,106,Philadelphia 76ers,121,Box Score,,20381.0,2:24,Wells Fargo Center,
Mon Mar 7 2022,7:30p,Houston Rockets,106,Miami Heat,123,Box Score,,19600.0,2:12,FTX Arena,
Mon Mar 7 2022,8:00p,Portland Trail Blazers,81,Minnesota Timberwolves,124,Box Score,,16035.0,2:26,Target Center,
Mon Mar 7 2022,8:30p,Utah Jazz,103,Dallas Mavericks,111,Box Score,,20077.0,2:12,American Airlines Center,
Mon Mar 7 2022,8:30p,Los Angeles Lakers,110,San Antonio Spurs,117,Box Score,,18354.0,2:16,AT&T Center,
Mon Mar 7 2022,9:00p,Golden State Warriors,124,Denver Nuggets,131,Box Score,,19542.0,2:20,Ball Arena,
Mon Mar 7 2022,10:30p,New York Knicks,131,Sacramento Kings,115,Box Score,,14720.0,2:17,Golden 1 Center,
Tue Mar 8 2022,7:00p,Brooklyn Nets,132,Charlotte Hornets,121,Box Score,,17230.0,2:13,Spectrum Center,
Tue Mar 8 2022,7:00p,Cleveland Cavaliers,127,Indiana Pacers,124,Box Score,,14066.0,2:17,Gainbridge Fieldhouse,
Tue Mar 8 2022,7:00p,Phoenix Suns,102,Orlando Magic,99,Box Score,,14024.0,2:18,Amway Center,
Tue Mar 8 2022,7:30p,New Orleans Pelicans,111,Memphis Grizzlies,132,Box Score,,16433.0,2:17,FedEx Forum,
Tue Mar 8 2022,8:00p,Milwaukee Bucks,142,Oklahoma City Thunder,115,Box Score,,15743.0,2:08,Paycom Center,
Tue Mar 8 2022,10:00p,Los Angeles Clippers,97,Golden State Warriors,112,Box Score,,18064.0,2:14,Chase Center,
Wed Mar 9 2022,7:00p,Boston Celtics,115,Charlotte Hornets,101,Box Score,,18086.0,2:07,Spectrum Center,
Wed Mar 9 2022,7:00p,Chicago Bulls,114,Detroit Pistons,108,Box Score,,18022.0,2:10,Little Caesars Arena,
Wed Mar 9 2022,7:30p,Phoenix Suns,111,Miami Heat,90,Box Score,,19600.0,2:05,FTX Arena,
Wed Mar 9 2022,8:00p,Los Angeles Lakers,130,Houston Rockets,139,Box Score,OT,18055.0,2:32,Toyota Center,
Wed Mar 9 2022,8:00p,Atlanta Hawks,115,Milwaukee Bucks,124,Box Score,,17341.0,2:06,Fiserv Forum,
Wed Mar 9 2022,8:00p,Oklahoma City Thunder,102,Minnesota Timberwolves,132,Box Score,,16191.0,2:06,Target Center,
Wed Mar 9 2022,8:00p,Orlando Magic,108,New Orleans Pelicans,102,Box Score,,15633.0,2:12,Smoothie King Center,
Wed Mar 9 2022,8:30p,New York Knicks,107,Dallas Mavericks,77,Box Score,,20182.0,2:15,American Airlines Center,
Wed Mar 9 2022,8:30p,Toronto Raptors,119,San Antonio Spurs,104,Box Score,,15121.0,2:05,AT&T Center,
Wed Mar 9 2022,10:00p,Denver Nuggets,106,Sacramento Kings,100,Box Score,,14697.0,2:16,Golden 1 Center,
Wed Mar 9 2022,10:00p,Portland Trail Blazers,85,Utah Jazz,123,Box Score,,18306.0,2:13,Vivint Smart Home Arena,
Wed Mar 9 2022,10:30p,Washington Wizards,109,Los Angeles Clippers,115,Box Score,,15282.0,2:13,Crypto.com Arena,
Thu Mar 10 2022,7:30p,Brooklyn Nets,129,Philadelphia 76ers,100,Box Score,,21408.0,2:18,Wells Fargo Center,
Thu Mar 10 2022,10:00p,Golden State Warriors,113,Denver Nuggets,102,Box Score,,19520.0,2:26,Ball Arena,
Fri Mar 11 2022,7:00p,Minnesota Timberwolves,110,Orlando Magic,118,Box Score,,14557.0,2:07,Amway Center,
Fri Mar 11 2022,7:30p,Los Angeles Clippers,106,Atlanta Hawks,112,Box Score,,16862.0,2:10,State Farm Arena,
Fri Mar 11 2022,7:30p,Detroit Pistons,103,Boston Celtics,114,Box Score,,19156.0,2:15,TD Garden,
Fri Mar 11 2022,8:00p,Dallas Mavericks,113,Houston Rockets,100,Box Score,,15060.0,2:13,Toyota Center,
Fri Mar 11 2022,8:00p,New York Knicks,114,Memphis Grizzlies,118,Box Score,,17188.0,2:35,FedEx Forum,
Fri Mar 11 2022,8:00p,Cleveland Cavaliers,105,Miami Heat,117,Box Score,,19600.0,2:16,FTX Arena,
Fri Mar 11 2022,8:00p,Charlotte Hornets,142,New Orleans Pelicans,120,Box Score,,16838.0,2:09,Smoothie King Center,
Fri Mar 11 2022,8:30p,Utah Jazz,102,San Antonio Spurs,104,Box Score,,15753.0,2:30,AT&T Center,
Fri Mar 11 2022,9:00p,Toronto Raptors,117,Phoenix Suns,112,Box Score,,17071.0,2:14,Phoenix Suns Arena,
Fri Mar 11 2022,10:30p,Washington Wizards,109,Los Angeles Lakers,122,Box Score,,18997.0,2:15,Crypto.com Arena,
Sat Mar 12 2022,8:00p,Cleveland Cavaliers,91,Chicago Bulls,101,Box Score,,21727.0,2:08,United Center,
Sat Mar 12 2022,8:00p,Minnesota Timberwolves,113,Miami Heat,104,Box Score,,19600.0,2:18,FTX Arena,
Sat Mar 12 2022,8:00p,Indiana Pacers,119,San Antonio Spurs,108,Box Score,,14605.0,2:12,AT&T Center,
Sat Mar 12 2022,8:30p,Milwaukee Bucks,109,Golden State Warriors,122,Box Score,,18064.0,2:15,Chase Center,
Sat Mar 12 2022,9:00p,Toronto Raptors,127,Denver Nuggets,115,Box Score,,18659.0,2:08,Ball Arena,
Sat Mar 12 2022,9:00p,Sacramento Kings,125,Utah Jazz,134,Box Score,,18306.0,2:10,Vivint Smart Home Arena,
Sat Mar 12 2022,10:00p,Washington Wizards,118,Portland Trail Blazers,127,Box Score,,17524.0,2:08,Moda Center,
Sun Mar 13 2022,1:00p,New York Knicks,107,Brooklyn Nets,110,Box Score,,18057.0,2:27,Barclays Center,
Sun Mar 13 2022,3:00p,Los Angeles Clippers,106,Detroit Pistons,102,Box Score,,19313.0,2:11,Little Caesars Arena,
Sun Mar 13 2022,3:30p,Dallas Mavericks,95,Boston Celtics,92,Box Score,,19156.0,2:14,TD Garden,
Sun Mar 13 2022,6:00p,Philadelphia 76ers,116,Orlando Magic,114,Box Score,OT,14444.0,2:40,Amway Center,
Sun Mar 13 2022,7:00p,Indiana Pacers,128,Atlanta Hawks,131,Box Score,,17038.0,2:17,State Farm Arena,
Sun Mar 13 2022,7:00p,Houston Rockets,105,New Orleans Pelicans,130,Box Score,,15683.0,2:09,Smoothie King Center,
Sun Mar 13 2022,7:00p,Memphis Grizzlies,125,Oklahoma City Thunder,118,Box Score,,17482.0,2:19,Paycom Center,
Sun Mar 13 2022,9:00p,Los Angeles Lakers,111,Phoenix Suns,140,Box Score,,17071.0,2:14,Phoenix Suns Arena,
Mon Mar 14 2022,7:00p,Los Angeles Clippers,111,Cleveland Cavaliers,120,Box Score,OT,18742.0,2:30,Rocket Mortgage Fieldhouse,
Mon Mar 14 2022,7:30p,Portland Trail Blazers,113,Atlanta Hawks,122,Box Score,,16432.0,2:23,State Farm Arena,
Mon Mar 14 2022,7:30p,Denver Nuggets,114,Philadelphia 76ers,110,Box Score,,21444.0,2:20,Wells Fargo Center,
Mon Mar 14 2022,8:00p,Charlotte Hornets,134,Oklahoma City Thunder,116,Box Score,,15810.0,2:08,Paycom Center,
Mon Mar 14 2022,8:30p,Minnesota Timberwolves,149,San Antonio Spurs,139,Box Score,,14143.0,2:26,AT&T Center,
Mon Mar 14 2022,10:00p,Washington Wizards,112,Golden State Warriors,126,Box Score,,18064.0,2:10,Chase Center,
Mon Mar 14 2022,10:00p,Chicago Bulls,103,Sacramento Kings,112,Box Score,,15943.0,2:14,Golden 1 Center,
Mon Mar 14 2022,10:00p,Milwaukee Bucks,117,Utah Jazz,111,Box Score,,18306.0,2:34,Vivint Smart Home Arena,
Mon Mar 14 2022,10:30p,Toronto Raptors,114,Los Angeles Lakers,103,Box Score,,18228.0,2:15,Crypto.com Arena,
Tue Mar 15 2022,7:00p,Memphis Grizzlies,135,Indiana Pacers,102,Box Score,,15027.0,2:10,Gainbridge Fieldhouse,
Tue Mar 15 2022,7:00p,Brooklyn Nets,150,Orlando Magic,108,Box Score,,15282.0,2:14,Amway Center,
Tue Mar 15 2022,7:30p,Detroit Pistons,98,Miami Heat,105,Box Score,,19600.0,2:16,FTX Arena,
Tue Mar 15 2022,8:00p,Phoenix Suns,131,New Orleans Pelicans,115,Box Score,,16789.0,2:09,Smoothie King Center,
Wed Mar 16 2022,7:00p,Atlanta Hawks,106,Charlotte Hornets,116,Box Score,,16648.0,2:06,Spectrum Center,
Wed Mar 16 2022,7:00p,Philadelphia 76ers,118,Cleveland Cavaliers,114,Box Score,,19432.0,2:19,Rocket Mortgage Fieldhouse,
Wed Mar 16 2022,7:00p,Denver Nuggets,127,Washington Wizards,109,Box Score,,15326.0,2:12,Capital One Arena,
Wed Mar 16 2022,7:30p,Dallas Mavericks,113,Brooklyn Nets,111,Box Score,,17981.0,2:15,Barclays Center,
Wed Mar 16 2022,7:30p,Portland Trail Blazers,98,New York Knicks,128,Box Score,,18213.0,2:08,Madison Square Garden (IV),
Wed Mar 16 2022,8:00p,Phoenix Suns,129,Houston Rockets,112,Box Score,,18055.0,2:03,Toyota Center,
Wed Mar 16 2022,8:00p,Los Angeles Lakers,104,Minnesota Timberwolves,124,Box Score,,17136.0,2:21,Target Center,
Wed Mar 16 2022,8:30p,Oklahoma City Thunder,120,San Antonio Spurs,122,Box Score,,14994.0,2:12,AT&T Center,
Wed Mar 16 2022,9:00p,Chicago Bulls,110,Utah Jazz,125,Box Score,,18306.0,2:12,Vivint Smart Home Arena,
Wed Mar 16 2022,10:00p,Boston Celtics,110,Golden State Warriors,88,Box Score,,18064.0,2:14,Chase Center,
Wed Mar 16 2022,10:00p,Milwaukee Bucks,135,Sacramento Kings,126,Box Score,,15864.0,2:21,Golden 1 Center,
Wed Mar 16 2022,10:30p,Toronto Raptors,103,Los Angeles Clippers,100,Box Score,,19068.0,2:03,Crypto.com Arena,
Thu Mar 17 2022,7:00p,Detroit Pistons,134,Orlando Magic,120,Box Score,,14369.0,2:14,Amway Center,
Fri Mar 18 2022,7:00p,Dallas Mavericks,101,Philadelphia 76ers,111,Box Score,,21428.0,2:10,Wells Fargo Center,
Fri Mar 18 2022,7:30p,Memphis Grizzlies,105,Atlanta Hawks,120,Box Score,,18062.0,2:14,State Farm Arena,
Fri Mar 18 2022,7:30p,Portland Trail Blazers,123,Brooklyn Nets,128,Box Score,,17732.0,2:26,Barclays Center,
Fri Mar 18 2022,7:30p,Denver Nuggets,116,Cleveland Cavaliers,119,Box Score,OT,19432.0,2:34,Rocket Mortgage Fieldhouse,
Fri Mar 18 2022,7:30p,Washington Wizards,97,New York Knicks,100,Box Score,,19812.0,2:19,Madison Square Garden (IV),
Fri Mar 18 2022,7:30p,Los Angeles Lakers,128,Toronto Raptors,123,Box Score,OT,19800.0,2:26,Scotiabank Arena,
Fri Mar 18 2022,8:00p,Indiana Pacers,121,Houston Rockets,118,Box Score,,13748.0,2:15,Toyota Center,
Fri Mar 18 2022,8:00p,Oklahoma City Thunder,108,Miami Heat,120,Box Score,,19600.0,2:01,FTX Arena,
Fri Mar 18 2022,8:30p,New Orleans Pelicans,124,San Antonio Spurs,91,Box Score,,18354.0,2:03,AT&T Center,
Fri Mar 18 2022,9:00p,Los Angeles Clippers,92,Utah Jazz,121,Box Score,,18306.0,2:04,Vivint Smart Home Arena,
Fri Mar 18 2022,10:00p,Chicago Bulls,102,Phoenix Suns,129,Box Score,,17071.0,2:07,Phoenix Suns Arena,
Fri Mar 18 2022,10:00p,Boston Celtics,126,Sacramento Kings,97,Box Score,,15313.0,2:04,Golden 1 Center,
Sat Mar 19 2022,5:00p,Milwaukee Bucks,119,Minnesota Timberwolves,138,Box Score,,17136.0,2:17,Target Center,
Sat Mar 19 2022,7:00p,Dallas Mavericks,108,Charlotte Hornets,129,Box Score,,19279.0,2:10,Spectrum Center,
Sat Mar 19 2022,8:00p,Detroit Pistons,109,Cleveland Cavaliers,113,Box Score,,19432.0,2:10,Rocket Mortgage Fieldhouse,
Sat Mar 19 2022,8:00p,Los Angeles Lakers,119,Washington Wizards,127,Box Score,,20476.0,2:13,Capital One Arena,
Sun Mar 20 2022,3:30p,Memphis Grizzlies,122,Houston Rockets,98,Box Score,,18055.0,2:13,Toyota Center,
Sun Mar 20 2022,3:30p,Portland Trail Blazers,98,Indiana Pacers,129,Box Score,,16067.0,2:07,Gainbridge Fieldhouse,
Sun Mar 20 2022,6:00p,New Orleans Pelicans,117,Atlanta Hawks,112,Box Score,,17123.0,2:09,State Farm Arena,
Sun Mar 20 2022,6:00p,Oklahoma City Thunder,85,Orlando Magic,90,Box Score,,15012.0,2:09,Amway Center,
Sun Mar 20 2022,6:00p,Phoenix Suns,127,Sacramento Kings,124,Box Score,OT,17583.0,2:37,Golden 1 Center,
Sun Mar 20 2022,7:30p,Utah Jazz,108,New York Knicks,93,Box Score,,19812.0,2:12,Madison Square Garden (IV),
Sun Mar 20 2022,8:00p,Boston Celtics,124,Denver Nuggets,104,Box Score,,19602.0,2:04,Ball Arena,
Sun Mar 20 2022,8:30p,San Antonio Spurs,110,Golden State Warriors,108,Box Score,,18064.0,2:18,Chase Center,
Sun Mar 20 2022,8:30p,Toronto Raptors,93,Philadelphia 76ers,88,Box Score,,21180.0,2:22,Wells Fargo Center,
Mon Mar 21 2022,7:00p,New Orleans Pelicans,103,Charlotte Hornets,106,Box Score,,13351.0,2:10,Spectrum Center,
Mon Mar 21 2022,7:00p,Los Angeles Lakers,131,Cleveland Cavaliers,120,Box Score,,19432.0,2:07,Rocket Mortgage Fieldhouse,
Mon Mar 21 2022,7:00p,Portland Trail Blazers,119,Detroit Pistons,115,Box Score,,14923.0,2:33,Little Caesars Arena,
Mon Mar 21 2022,7:30p,Utah Jazz,106,Brooklyn Nets,114,Box Score,,17887.0,2:07,Barclays Center,
Mon Mar 21 2022,7:30p,Miami Heat,106,Philadelphia 76ers,113,Box Score,,21386.0,2:10,Wells Fargo Center,
Mon Mar 21 2022,8:00p,Toronto Raptors,99,Chicago Bulls,113,Box Score,,21778.0,2:04,United Center,
Mon Mar 21 2022,8:00p,Washington Wizards,97,Houston Rockets,115,Box Score,,13936.0,2:09,Toyota Center,
Mon Mar 21 2022,8:00p,Boston Celtics,132,Oklahoma City Thunder,123,Box Score,,15345.0,2:12,Paycom Center,
Mon Mar 21 2022,8:30p,Minnesota Timberwolves,108,Dallas Mavericks,110,Box Score,,20077.0,2:20,American Airlines Center,
Tue Mar 22 2022,7:00p,Golden State Warriors,90,Orlando Magic,94,Box Score,,17164.0,2:19,Amway Center,
Tue Mar 22 2022,7:30p,Atlanta Hawks,117,New York Knicks,111,Box Score,,19812.0,2:20,Madison Square Garden (IV),
Tue Mar 22 2022,8:00p,Chicago Bulls,98,Milwaukee Bucks,126,Box Score,,17983.0,2:00,Fiserv Forum,
Tue Mar 22 2022,10:00p,Los Angeles Clippers,115,Denver Nuggets,127,Box Score,,16089.0,2:17,Ball Arena,
Wed Mar 23 2022,7:00p,New York Knicks,121,Charlotte Hornets,106,Box Score,,16290.0,2:03,Spectrum Center,
Wed Mar 23 2022,7:00p,Atlanta Hawks,101,Detroit Pistons,122,Box Score,,16212.0,2:02,Little Caesars Arena,
Wed Mar 23 2022,7:00p,Sacramento Kings,110,Indiana Pacers,109,Box Score,,14227.0,2:07,Gainbridge Fieldhouse,
Wed Mar 23 2022,7:30p,Utah Jazz,97,Boston Celtics,125,Box Score,,19156.0,2:02,TD Garden,
Wed Mar 23 2022,7:30p,Brooklyn Nets,120,Memphis Grizzlies,132,Box Score,,17794.0,2:16,FedEx Forum,
Wed Mar 23 2022,7:30p,Golden State Warriors,118,Miami Heat,104,Box Score,,19600.0,2:19,FTX Arena,
Wed Mar 23 2022,8:00p,Phoenix Suns,125,Minnesota Timberwolves,116,Box Score,,17136.0,2:21,Target Center,
Wed Mar 23 2022,8:00p,Orlando Magic,102,Oklahoma City Thunder,118,Box Score,,14393.0,2:12,Paycom Center,
Wed Mar 23 2022,8:30p,Houston Rockets,91,Dallas Mavericks,110,Box Score,,20026.0,2:09,American Airlines Center,
Wed Mar 23 2022,10:00p,Philadelphia 76ers,126,Los Angeles Lakers,121,Box Score,,18997.0,2:20,Crypto.com Arena,
Wed Mar 23 2022,10:00p,San Antonio Spurs,133,Portland Trail Blazers,96,Box Score,,16610.0,2:06,Moda Center,
Thu Mar 24 2022,7:30p,Cleveland Cavaliers,104,Toronto Raptors,117,Box Score,,19800.0,2:07,Scotiabank Arena,
Thu Mar 24 2022,8:00p,Indiana Pacers,103,Memphis Grizzlies,133,Box Score,,16205.0,2:01,FedEx Forum,
Thu Mar 24 2022,8:00p,Washington Wizards,102,Milwaukee Bucks,114,Box Score,,18018.0,2:06,Fiserv Forum,
Thu Mar 24 2022,8:00p,Chicago Bulls,109,New Orleans Pelicans,126,Box Score,,13973.0,2:18,Smoothie King Center,
Thu Mar 24 2022,9:00p,Phoenix Suns,140,Denver Nuggets,130,Box Score,,19520.0,2:17,Ball Arena,
Fri Mar 25 2022,7:00p,Utah Jazz,101,Charlotte Hornets,107,Box Score,,19162.0,2:11,Spectrum Center,
Fri Mar 25 2022,7:00p,Washington Wizards,100,Detroit Pistons,97,Box Score,,18943.0,2:13,Little Caesars Arena,
Fri Mar 25 2022,7:30p,Golden State Warriors,110,Atlanta Hawks,121,Box Score,,17724.0,2:08,State Farm Arena,
Fri Mar 25 2022,8:00p,New York Knicks,111,Miami Heat,103,Box Score,,19600.0,2:20,FTX Arena,
Fri Mar 25 2022,8:00p,Dallas Mavericks,95,Minnesota Timberwolves,116,Box Score,,17136.0,2:12,Target Center,
Fri Mar 25 2022,10:00p,Houston Rockets,125,Portland Trail Blazers,106,Box Score,,16947.0,2:11,Moda Center,
Fri Mar 25 2022,10:30p,Philadelphia 76ers,122,Los Angeles Clippers,97,Box Score,,19068.0,2:14,Crypto.com Arena,
Sat Mar 26 2022,5:00p,San Antonio Spurs,107,New Orleans Pelicans,103,Box Score,,13097.0,2:11,Smoothie King Center,
Sat Mar 26 2022,7:00p,Sacramento Kings,114,Orlando Magic,110,Box Score,OT,16366.0,2:14,Amway Center,
Sat Mar 26 2022,7:30p,Indiana Pacers,91,Toronto Raptors,131,Box Score,,19800.0,2:56,Scotiabank Arena,
Sat Mar 26 2022,8:00p,Chicago Bulls,98,Cleveland Cavaliers,94,Box Score,,19432.0,2:34,Rocket Mortgage Fieldhouse,
Sat Mar 26 2022,8:00p,Milwaukee Bucks,102,Memphis Grizzlies,127,Box Score,,17794.0,2:19,FedEx Forum,
Sat Mar 26 2022,8:00p,Brooklyn Nets,110,Miami Heat,95,Box Score,,19600.0,2:16,FTX Arena,
Sat Mar 26 2022,9:00p,Oklahoma City Thunder,107,Denver Nuggets,113,Box Score,,19520.0,2:07,Ball Arena,
Sat Mar 26 2022,10:00p,Houston Rockets,115,Portland Trail Blazers,98,Box Score,,17821.0,2:10,Moda Center,
Sun Mar 27 2022,3:30p,New York Knicks,104,Detroit Pistons,102,Box Score,,19304.0,2:12,Little Caesars Arena,
Sun Mar 27 2022,6:00p,Minnesota Timberwolves,112,Boston Celtics,134,Box Score,,19156.0,2:04,TD Garden,
Sun Mar 27 2022,6:00p,Philadelphia 76ers,104,Phoenix Suns,114,Box Score,,17071.0,2:15,Phoenix Suns Arena,
Sun Mar 27 2022,6:00p,Golden State Warriors,115,Washington Wizards,123,Box Score,,20476.0,2:23,Capital One Arena,
Sun Mar 27 2022,7:00p,Los Angeles Lakers,108,New Orleans Pelicans,116,Box Score,,18516.0,2:10,Smoothie King Center,
Sun Mar 27 2022,7:30p,Charlotte Hornets,119,Brooklyn Nets,110,Box Score,,18166.0,2:15,Barclays Center,
Sun Mar 27 2022,7:30p,Utah Jazz,100,Dallas Mavericks,114,Box Score,,20177.0,2:05,American Airlines Center,
Mon Mar 28 2022,7:00p,Denver Nuggets,113,Charlotte Hornets,109,Box Score,,17614.0,2:22,Spectrum Center,
Mon Mar 28 2022,7:00p,Orlando Magic,101,Cleveland Cavaliers,107,Box Score,,19432.0,2:09,Rocket Mortgage Fieldhouse,
Mon Mar 28 2022,7:00p,Atlanta Hawks,132,Indiana Pacers,123,Box Score,,14212.0,2:16,Gainbridge Fieldhouse,
Mon Mar 28 2022,7:30p,Sacramento Kings,100,Miami Heat,123,Box Score,,19600.0,1:56,FTX Arena,
Mon Mar 28 2022,7:30p,Chicago Bulls,104,New York Knicks,109,Box Score,,19812.0,2:22,Madison Square Garden (IV),
Mon Mar 28 2022,7:30p,Boston Celtics,112,Toronto Raptors,115,Box Score,OT,19800.0,2:26,Scotiabank Arena,
Mon Mar 28 2022,8:00p,San Antonio Spurs,123,Houston Rockets,120,Box Score,,18055.0,2:13,Toyota Center,
Mon Mar 28 2022,8:00p,Golden State Warriors,95,Memphis Grizzlies,123,Box Score,,17011.0,2:18,FedEx Forum,
Mon Mar 28 2022,10:00p,Oklahoma City Thunder,134,Portland Trail Blazers,131,Box Score,OT,18188.0,2:26,Moda Center,
Tue Mar 29 2022,7:00p,Milwaukee Bucks,118,Philadelphia 76ers,116,Box Score,,21467.0,2:21,Wells Fargo Center,
Tue Mar 29 2022,7:00p,Chicago Bulls,107,Washington Wizards,94,Box Score,,15922.0,2:10,Capital One Arena,
Tue Mar 29 2022,7:30p,Detroit Pistons,123,Brooklyn Nets,130,Box Score,,17559.0,2:12,Barclays Center,
Tue Mar 29 2022,7:30p,Los Angeles Lakers,110,Dallas Mavericks,128,Box Score,,20382.0,2:06,American Airlines Center,
Tue Mar 29 2022,10:00p,Utah Jazz,115,Los Angeles Clippers,121,Box Score,,19068.0,2:32,Crypto.com Arena,
Wed Mar 30 2022,7:00p,Dallas Mavericks,120,Cleveland Cavaliers,112,Box Score,,19432.0,2:06,Rocket Mortgage Fieldhouse,
Wed Mar 30 2022,7:00p,Denver Nuggets,125,Indiana Pacers,118,Box Score,,15036.0,2:13,Gainbridge Fieldhouse,
Wed Mar 30 2022,7:00p,Orlando Magic,110,Washington Wizards,127,Box Score,,16455.0,2:07,Capital One Arena,
Wed Mar 30 2022,7:30p,Miami Heat,106,Boston Celtics,98,Box Score,,19156.0,2:22,TD Garden,
Wed Mar 30 2022,7:30p,Charlotte Hornets,125,New York Knicks,114,Box Score,,19812.0,2:16,Madison Square Garden (IV),
Wed Mar 30 2022,7:30p,Minnesota Timberwolves,102,Toronto Raptors,125,Box Score,,19800.0,2:08,Scotiabank Arena,
Wed Mar 30 2022,8:00p,Sacramento Kings,121,Houston Rockets,118,Box Score,,13365.0,2:28,Toyota Center,
Wed Mar 30 2022,8:00p,Atlanta Hawks,136,Oklahoma City Thunder,118,Box Score,,15595.0,2:02,Paycom Center,
Wed Mar 30 2022,8:30p,Memphis Grizzlies,112,San Antonio Spurs,111,Box Score,,15821.0,2:05,AT&T Center,
Wed Mar 30 2022,10:00p,Phoenix Suns,107,Golden State Warriors,103,Box Score,,18064.0,2:30,Chase Center,
Wed Mar 30 2022,10:00p,New Orleans Pelicans,117,Portland Trail Blazers,107,Box Score,,18551.0,2:12,Moda Center,
Thu Mar 31 2022,7:00p,Philadelphia 76ers,94,Detroit Pistons,102,Box Score,,20023.0,2:15,Little Caesars Arena,
Thu Mar 31 2022,7:30p,Cleveland Cavaliers,107,Atlanta Hawks,131,Box Score,,17491.0,2:10,State Farm Arena,
Thu Mar 31 2022,7:30p,Milwaukee Bucks,120,Brooklyn Nets,119,Box Score,OT,17917.0,2:43,Barclays Center,
Thu Mar 31 2022,8:00p,Los Angeles Clippers,130,Chicago Bulls,135,Box Score,OT,21519.0,2:42,United Center,
Thu Mar 31 2022,10:00p,Los Angeles Lakers,109,Utah Jazz,122,Box Score,,18306.0,2:17,Vivint Smart Home Arena,
Fri Apr 1 2022,7:00p,Toronto Raptors,102,Orlando Magic,89,Box Score,,17566.0,2:03,Amway Center,
Fri Apr 1 2022,7:00p,Dallas Mavericks,103,Washington Wizards,135,Box Score,,17745.0,2:10,Capital One Arena,
Fri Apr 1 2022,7:30p,Indiana Pacers,123,Boston Celtics,128,Box Score,,19156.0,2:21,TD Garden,
Fri Apr 1 2022,8:00p,Sacramento Kings,122,Houston Rockets,117,Box Score,,14857.0,2:16,Toyota Center,
Fri Apr 1 2022,8:00p,Phoenix Suns,114,Memphis Grizzlies,122,Box Score,,17794.0,2:16,FedEx Forum,
Fri Apr 1 2022,8:00p,Los Angeles Clippers,153,Milwaukee Bucks,119,Box Score,,18023.0,2:07,Fiserv Forum,
Fri Apr 1 2022,8:00p,Detroit Pistons,110,Oklahoma City Thunder,101,Box Score,,16961.0,2:03,Paycom Center,
Fri Apr 1 2022,8:30p,Portland Trail Blazers,111,San Antonio Spurs,130,Box Score,,17512.0,2:01,AT&T Center,
Fri Apr 1 2022,9:00p,Minnesota Timberwolves,136,Denver Nuggets,130,Box Score,,19612.0,2:23,Ball Arena,
Fri Apr 1 2022,10:30p,New Orleans Pelicans,114,Los Angeles Lakers,111,Box Score,,18997.0,2:25,Crypto.com Arena,
Sat Apr 2 2022,12:30p,Charlotte Hornets,114,Philadelphia 76ers,144,Box Score,,21509.0,2:06,Wells Fargo Center,
Sat Apr 2 2022,1:00p,Cleveland Cavaliers,119,New York Knicks,101,Box Score,,19812.0,2:12,Madison Square Garden (IV),
Sat Apr 2 2022,7:30p,Brooklyn Nets,115,Atlanta Hawks,122,Box Score,,18126.0,2:27,State Farm Arena,
Sat Apr 2 2022,8:00p,Miami Heat,127,Chicago Bulls,109,Box Score,,21697.0,2:12,United Center,
Sat Apr 2 2022,8:30p,Utah Jazz,107,Golden State Warriors,111,Box Score,,18064.0,2:16,Chase Center,
Sun Apr 3 2022,1:00p,Washington Wizards,102,Boston Celtics,144,Box Score,,19156.0,2:01,TD Garden,
Sun Apr 3 2022,1:00p,Dallas Mavericks,118,Milwaukee Bucks,112,Box Score,,17902.0,2:26,Fiserv Forum,
Sun Apr 3 2022,3:30p,Denver Nuggets,129,Los Angeles Lakers,118,Box Score,,18997.0,2:23,Crypto.com Arena,
Sun Apr 3 2022,5:00p,Detroit Pistons,121,Indiana Pacers,117,Box Score,,17407.0,2:09,Gainbridge Fieldhouse,
Sun Apr 3 2022,6:00p,Philadelphia 76ers,112,Cleveland Cavaliers,108,Box Score,,19432.0,2:21,Rocket Mortgage Fieldhouse,
Sun Apr 3 2022,6:00p,New York Knicks,118,Orlando Magic,88,Box Score,,15747.0,2:05,Amway Center,
Sun Apr 3 2022,7:00p,Minnesota Timberwolves,139,Houston Rockets,132,Box Score,,16539.0,2:19,Toyota Center,
Sun Apr 3 2022,7:00p,Phoenix Suns,96,Oklahoma City Thunder,117,Box Score,,17078.0,2:02,Paycom Center,
Sun Apr 3 2022,7:00p,Portland Trail Blazers,92,San Antonio Spurs,113,Box Score,,15816.0,2:12,AT&T Center,
Sun Apr 3 2022,7:00p,Miami Heat,114,Toronto Raptors,109,Box Score,,19800.0,2:18,Scotiabank Arena,
Sun Apr 3 2022,9:00p,Golden State Warriors,109,Sacramento Kings,90,Box Score,,17583.0,2:14,Golden 1 Center,
Sun Apr 3 2022,9:30p,New Orleans Pelicans,100,Los Angeles Clippers,119,Box Score,,16840.0,2:07,Crypto.com Arena,
Tue Apr 5 2022,7:00p,Philadelphia 76ers,131,Indiana Pacers,122,Box Score,,15583.0,2:12,Gainbridge Fieldhouse,
Tue Apr 5 2022,7:00p,Cleveland Cavaliers,115,Orlando Magic,120,Box Score,,16897.0,2:06,Amway Center,
Tue Apr 5 2022,7:30p,Houston Rockets,105,Brooklyn Nets,118,Box Score,,17768.0,2:08,Barclays Center,
Tue Apr 5 2022,7:30p,Charlotte Hornets,115,Miami Heat,144,Box Score,,19600.0,2:10,FTX Arena,
Tue Apr 5 2022,7:30p,Atlanta Hawks,108,Toronto Raptors,118,Box Score,,19800.0,2:06,Scotiabank Arena,
Tue Apr 5 2022,8:00p,Milwaukee Bucks,127,Chicago Bulls,106,Box Score,,20799.0,2:19,United Center,
Tue Apr 5 2022,8:00p,Washington Wizards,132,Minnesota Timberwolves,114,Box Score,,17136.0,2:10,Target Center,
Tue Apr 5 2022,8:00p,Portland Trail Blazers,94,Oklahoma City Thunder,98,Box Score,,14674.0,2:01,Paycom Center,
Tue Apr 5 2022,9:00p,San Antonio Spurs,116,Denver Nuggets,97,Box Score,,17037.0,2:09,Ball Arena,
Tue Apr 5 2022,9:00p,Memphis Grizzlies,115,Utah Jazz,121,Box Score,OT,18306.0,2:35,Vivint Smart Home Arena,
Tue Apr 5 2022,10:00p,New Orleans Pelicans,123,Sacramento Kings,109,Box Score,,16047.0,2:10,Golden 1 Center,
Tue Apr 5 2022,10:30p,Los Angeles Lakers,110,Phoenix Suns,121,Box Score,,17071.0,2:07,Phoenix Suns Arena,
Wed Apr 6 2022,7:00p,Dallas Mavericks,131,Detroit Pistons,113,Box Score,,18422.0,2:13,Little Caesars Arena,
Wed Apr 6 2022,7:30p,Brooklyn Nets,110,New York Knicks,98,Box Score,,19812.0,2:21,Madison Square Garden (IV),
Wed Apr 6 2022,8:00p,Washington Wizards,103,Atlanta Hawks,118,Box Score,,17381.0,2:01,State Farm Arena,
Wed Apr 6 2022,8:00p,Boston Celtics,117,Chicago Bulls,94,Box Score,,21095.0,2:12,United Center,
Wed Apr 6 2022,9:00p,Oklahoma City Thunder,101,Utah Jazz,137,Box Score,,18306.0,2:07,Vivint Smart Home Arena,
Wed Apr 6 2022,10:00p,Phoenix Suns,109,Los Angeles Clippers,113,Box Score,,19068.0,2:29,Crypto.com Arena,
Thu Apr 7 2022,7:00p,Orlando Magic,101,Charlotte Hornets,128,Box Score,,16427.0,2:18,Spectrum Center,
Thu Apr 7 2022,7:30p,Boston Celtics,121,Milwaukee Bucks,127,Box Score,,18046.0,2:25,Fiserv Forum,
Thu Apr 7 2022,7:30p,Philadelphia 76ers,114,Toronto Raptors,119,Box Score,,19800.0,2:08,Scotiabank Arena,
Thu Apr 7 2022,8:00p,San Antonio Spurs,121,Minnesota Timberwolves,127,Box Score,,17136.0,2:23,Target Center,
Thu Apr 7 2022,8:00p,Portland Trail Blazers,94,New Orleans Pelicans,127,Box Score,,12432.0,2:08,Smoothie King Center,
Thu Apr 7 2022,9:00p,Memphis Grizzlies,109,Denver Nuggets,122,Box Score,,19520.0,2:17,Ball Arena,
Thu Apr 7 2022,10:00p,Los Angeles Lakers,112,Golden State Warriors,128,Box Score,,18064.0,2:20,Chase Center,
Fri Apr 8 2022,7:00p,Milwaukee Bucks,131,Detroit Pistons,101,Box Score,,22088.0,2:06,Little Caesars Arena,
Fri Apr 8 2022,7:00p,New York Knicks,114,Washington Wizards,92,Box Score,,19472.0,2:05,Capital One Arena,
Fri Apr 8 2022,7:30p,Cleveland Cavaliers,107,Brooklyn Nets,118,Box Score,,18169.0,2:15,Barclays Center,
Fri Apr 8 2022,7:30p,Houston Rockets,115,Toronto Raptors,117,Box Score,,19800.0,2:05,Scotiabank Arena,
Fri Apr 8 2022,8:00p,Charlotte Hornets,133,Chicago Bulls,117,Box Score,,21461.0,2:02,United Center,
Fri Apr 8 2022,8:00p,Atlanta Hawks,109,Miami Heat,113,Box Score,,19993.0,2:11,FTX Arena,
Fri Apr 8 2022,8:30p,Portland Trail Blazers,78,Dallas Mavericks,128,Box Score,,20174.0,2:07,American Airlines Center,
Fri Apr 8 2022,9:30p,Phoenix Suns,111,Utah Jazz,105,Box Score,,18306.0,2:19,Vivint Smart Home Arena,
Fri Apr 8 2022,10:30p,Oklahoma City Thunder,101,Los Angeles Lakers,120,Box Score,,18997.0,2:08,Crypto.com Arena,
Sat Apr 9 2022,1:00p,Indiana Pacers,120,Philadelphia 76ers,133,Box Score,,21171.0,2:19,Wells Fargo Center,
Sat Apr 9 2022,6:00p,New Orleans Pelicans,114,Memphis Grizzlies,141,Box Score,,17207.0,2:11,FedEx Forum,
Sat Apr 9 2022,8:30p,Golden State Warriors,100,San Antonio Spurs,94,Box Score,,18627.0,2:16,AT&T Center,
Sat Apr 9 2022,9:30p,Sacramento Kings,98,Los Angeles Clippers,117,Box Score,,17568.0,2:09,Crypto.com Arena,
Sun Apr 10 2022,3:30p,Indiana Pacers,126,Brooklyn Nets,134,Box Score,,17967.0,2:17,Barclays Center,
Sun Apr 10 2022,3:30p,Washington Wizards,108,Charlotte Hornets,124,Box Score,,18465.0,2:10,Spectrum Center,
Sun Apr 10 2022,3:30p,Milwaukee Bucks,115,Cleveland Cavaliers,133,Box Score,,19432.0,2:06,Rocket Mortgage Fieldhouse,
Sun Apr 10 2022,3:30p,Atlanta Hawks,130,Houston Rockets,114,Box Score,,18055.0,2:11,Toyota Center,
Sun Apr 10 2022,7:00p,Boston Celtics,139,Memphis Grizzlies,110,Box Score,,17441.0,2:08,FedEx Forum,
Sun Apr 10 2022,7:00p,Toronto Raptors,94,New York Knicks,105,Box Score,,19812.0,2:01,Madison Square Garden (IV),
Sun Apr 10 2022,7:00p,Miami Heat,111,Orlando Magic,125,Box Score,,19253.0,1:56,Amway Center,
Sun Apr 10 2022,7:00p,Detroit Pistons,106,Philadelphia 76ers,118,Box Score,,21459.0,2:09,Wells Fargo Center,
Sun Apr 10 2022,8:30p,Chicago Bulls,124,Minnesota Timberwolves,120,Box Score,,17136.0,2:22,Target Center,
Sun Apr 10 2022,9:30p,San Antonio Spurs,120,Dallas Mavericks,130,Box Score,,20270.0,2:02,American Airlines Center,
Sun Apr 10 2022,9:30p,Los Angeles Lakers,146,Denver Nuggets,141,Box Score,OT,19520.0,2:49,Ball Arena,
Sun Apr 10 2022,9:30p,Oklahoma City Thunder,88,Los Angeles Clippers,138,Box Score,,18210.0,1:54,Crypto.com Arena,
Sun Apr 10 2022,9:30p,Golden State Warriors,128,New Orleans Pelicans,107,Box Score,,16595.0,2:07,Smoothie King Center,
Sun Apr 10 2022,9:30p,Sacramento Kings,116,Phoenix Suns,109,Box Score,,17071.0,2:16,Phoenix Suns Arena,
Sun Apr 10 2022,9:30p,Utah Jazz,111,Portland Trail Blazers,80,Box Score,,18123.0,2:19,Moda Center,
Tue Apr 12 2022,7:00p,Cleveland Cavaliers,108,Brooklyn Nets,115,Box Score,,17732.0,2:23,Barclays Center,Play-In Game
Tue Apr 12 2022,9:30p,Los Angeles Clippers,104,Minnesota Timberwolves,109,Box Score,,17136.0,2:47,Target Center,Play-In Game
Wed Apr 13 2022,7:00p,Charlotte Hornets,103,Atlanta Hawks,132,Box Score,,18137.0,2:20,State Farm Arena,Play-In Game
Wed Apr 13 2022,9:30p,San Antonio Spurs,103,New Orleans Pelicans,113,Box Score,,18610.0,2:17,Smoothie King Center,Play-In Game
Fri Apr 15 2022,7:30p,Atlanta Hawks,107,Cleveland Cavaliers,101,Box Score,,19432.0,2:29,Rocket Mortgage Fieldhouse,Play-In Game
Fri Apr 15 2022,10:00p,New Orleans Pelicans,105,Los Angeles Clippers,101,Box Score,,19068.0,2:35,Crypto.com Arena,Play-In Game
Sat Apr 16 2022,1:00p,Utah Jazz,99,Dallas Mavericks,93,Box Score,,20013.0,2:29,American Airlines Center,
Sat Apr 16 2022,3:30p,Minnesota Timberwolves,130,Memphis Grizzlies,117,Box Score,,17794.0,2:48,FedEx Forum,
Sat Apr 16 2022,6:00p,Toronto Raptors,111,Philadelphia 76ers,131,Box Score,,20610.0,2:26,Wells Fargo Center,
Sat Apr 16 2022,8:30p,Denver Nuggets,107,Golden State Warriors,123,Box Score,,18064.0,2:24,Chase Center,
Sun Apr 17 2022,1:00p,Atlanta Hawks,91,Miami Heat,115,Box Score,,19514.0,2:16,FTX Arena,
Sun Apr 17 2022,3:30p,Brooklyn Nets,114,Boston Celtics,115,Box Score,,19156.0,2:24,TD Garden,
Sun Apr 17 2022,6:30p,Chicago Bulls,86,Milwaukee Bucks,93,Box Score,,17717.0,2:22,Fiserv Forum,
Sun Apr 17 2022,9:00p,New Orleans Pelicans,99,Phoenix Suns,110,Box Score,,17071.0,2:24,Phoenix Suns Arena,
Mon Apr 18 2022,7:30p,Toronto Raptors,97,Philadelphia 76ers,112,Box Score,,20974.0,2:23,Wells Fargo Center,
Mon Apr 18 2022,8:30p,Utah Jazz,104,Dallas Mavericks,110,Box Score,,20113.0,2:15,American Airlines Center,
Mon Apr 18 2022,10:00p,Denver Nuggets,106,Golden State Warriors,126,Box Score,,18064.0,2:29,Chase Center,
Tue Apr 19 2022,7:30p,Atlanta Hawks,105,Miami Heat,115,Box Score,,19950.0,2:30,FTX Arena,
Tue Apr 19 2022,8:30p,Minnesota Timberwolves,96,Memphis Grizzlies,124,Box Score,,17794.0,2:27,FedEx Forum,
Tue Apr 19 2022,10:00p,New Orleans Pelicans,125,Phoenix Suns,114,Box Score,,17071.0,2:17,Phoenix Suns Arena,
Wed Apr 20 2022,7:00p,Brooklyn Nets,107,Boston Celtics,114,Box Score,,19156.0,2:35,TD Garden,
Wed Apr 20 2022,8:00p,Philadelphia 76ers,104,Toronto Raptors,101,Box Score,OT,19800.0,2:37,Scotiabank Arena,
Wed Apr 20 2022,9:30p,Chicago Bulls,114,Milwaukee Bucks,110,Box Score,,17688.0,2:34,Fiserv Forum,
Thu Apr 21 2022,7:30p,Memphis Grizzlies,104,Minnesota Timberwolves,95,Box Score,,19634.0,2:30,Target Center,
Thu Apr 21 2022,9:00p,Dallas Mavericks,126,Utah Jazz,118,Box Score,,18306.0,2:37,Vivint Smart Home Arena,
Thu Apr 21 2022,10:00p,Golden State Warriors,118,Denver Nuggets,113,Box Score,,19627.0,2:33,Ball Arena,
Fri Apr 22 2022,7:45p,Miami Heat,110,Atlanta Hawks,111,Box Score,,18421.0,2:24,State Farm Arena,
Fri Apr 22 2022,8:30p,Milwaukee Bucks,111,Chicago Bulls,81,Box Score,,22667.0,2:05,United Center,
Fri Apr 22 2022,10:00p,Phoenix Suns,114,New Orleans Pelicans,111,Box Score,,18962.0,2:38,Smoothie King Center,
Sat Apr 23 2022,2:00p,Philadelphia 76ers,102,Toronto Raptors,110,Box Score,,19800.0,2:28,Scotiabank Arena,
Sat Apr 23 2022,4:30p,Dallas Mavericks,99,Utah Jazz,100,Box Score,,18306.0,2:40,Vivint Smart Home Arena,
Sat Apr 23 2022,7:30p,Boston Celtics,109,Brooklyn Nets,103,Box Score,,18175.0,2:17,Barclays Center,
Sat Apr 23 2022,10:00p,Memphis Grizzlies,118,Minnesota Timberwolves,119,Box Score,,19832.0,2:57,Target Center,
Sun Apr 24 2022,1:00p,Milwaukee Bucks,119,Chicago Bulls,95,Box Score,,22020.0,2:22,United Center,
Sun Apr 24 2022,3:30p,Golden State Warriors,121,Denver Nuggets,126,Box Score,,19628.0,2:46,Ball Arena,
Sun Apr 24 2022,7:00p,Miami Heat,110,Atlanta Hawks,86,Box Score,,18951.0,2:21,State Farm Arena,
Sun Apr 24 2022,9:30p,Phoenix Suns,103,New Orleans Pelicans,118,Box Score,,18962.0,2:32,Smoothie King Center,
Mon Apr 25 2022,7:00p,Boston Celtics,116,Brooklyn Nets,112,Box Score,,18099.0,2:30,Barclays Center,
Mon Apr 25 2022,8:00p,Toronto Raptors,103,Philadelphia 76ers,88,Box Score,,20517.0,2:13,Wells Fargo Center,
Mon Apr 25 2022,9:30p,Utah Jazz,77,Dallas Mavericks,102,Box Score,,20577.0,2:20,American Airlines Center,
Tue Apr 26 2022,7:00p,Atlanta Hawks,94,Miami Heat,97,Box Score,,19553.0,2:45,FTX Arena,
Tue Apr 26 2022,7:30p,Minnesota Timberwolves,109,Memphis Grizzlies,111,Box Score,,17794.0,2:45,FedEx Forum,
Tue Apr 26 2022,10:00p,New Orleans Pelicans,97,Phoenix Suns,112,Box Score,,17071.0,2:25,Phoenix Suns Arena,
Wed Apr 27 2022,7:30p,Chicago Bulls,100,Milwaukee Bucks,116,Box Score,,17506.0,2:17,Fiserv Forum,
Wed Apr 27 2022,10:00p,Denver Nuggets,98,Golden State Warriors,102,Box Score,,18064.0,2:26,Chase Center,
Thu Apr 28 2022,7:00p,Philadelphia 76ers,132,Toronto Raptors,97,Box Score,,19800.0,2:27,Scotiabank Arena,
Thu Apr 28 2022,7:30p,Phoenix Suns,115,New Orleans Pelicans,109,Box Score,,18710.0,2:23,Smoothie King Center,
Thu Apr 28 2022,10:00p,Dallas Mavericks,98,Utah Jazz,96,Box Score,,18306.0,2:14,Vivint Smart Home Arena,
Fri Apr 29 2022,9:00p,Memphis Grizzlies,114,Minnesota Timberwolves,106,Box Score,,20323.0,2:32,Target Center,
Sun May 1 2022,1:00p,Milwaukee Bucks,101,Boston Celtics,89,Box Score,,19156.0,2:28,TD Garden,
Sun May 1 2022,3:30p,Golden State Warriors,117,Memphis Grizzlies,116,Box Score,,17794.0,2:40,FedEx Forum,
Mon May 2 2022,7:30p,Philadelphia 76ers,92,Miami Heat,106,Box Score,,19620.0,2:18,FTX Arena,
Mon May 2 2022,10:00p,Dallas Mavericks,114,Phoenix Suns,121,Box Score,,17071.0,2:24,Phoenix Suns Arena,
Tue May 3 2022,7:00p,Milwaukee Bucks,86,Boston Celtics,109,Box Score,,19156.0,2:31,TD Garden,
Tue May 3 2022,9:30p,Golden State Warriors,101,Memphis Grizzlies,106,Box Score,,17794.0,2:32,FedEx Forum,
Wed May 4 2022,7:30p,Philadelphia 76ers,103,Miami Heat,119,Box Score,,19759.0,2:27,FTX Arena,
Wed May 4 2022,10:00p,Dallas Mavericks,109,Phoenix Suns,129,Box Score,,17071.0,2:24,Phoenix Suns Arena,
Fri May 6 2022,7:00p,Miami Heat,79,Philadelphia 76ers,99,Box Score,,21033.0,2:26,Wells Fargo Center,
Fri May 6 2022,9:30p,Phoenix Suns,94,Dallas Mavericks,103,Box Score,,20777.0,2:12,American Airlines Center,
Sat May 7 2022,3:30p,Boston Celtics,101,Milwaukee Bucks,103,Box Score,,17736.0,2:34,Fiserv Forum,
Sat May 7 2022,8:30p,Memphis Grizzlies,112,Golden State Warriors,142,Box Score,,18064.0,2:22,Chase Center,
Sun May 8 2022,3:30p,Phoenix Suns,101,Dallas Mavericks,111,Box Score,,20610.0,2:22,American Airlines Center,
Sun May 8 2022,8:00p,Miami Heat,108,Philadelphia 76ers,116,Box Score,,21194.0,2:34,Wells Fargo Center,
Mon May 9 2022,7:30p,Boston Celtics,116,Milwaukee Bucks,108,Box Score,,17505.0,2:33,Fiserv Forum,
Mon May 9 2022,10:00p,Memphis Grizzlies,98,Golden State Warriors,101,Box Score,,18064.0,2:21,Chase Center,
Tue May 10 2022,7:30p,Philadelphia 76ers,85,Miami Heat,120,Box Score,,19868.0,2:16,FTX Arena,
Tue May 10 2022,10:00p,Dallas Mavericks,80,Phoenix Suns,110,Box Score,,17071.0,2:19,Phoenix Suns Arena,
Wed May 11 2022,7:00p,Milwaukee Bucks,110,Boston Celtics,107,Box Score,,19156.0,2:31,TD Garden,
Wed May 11 2022,9:30p,Golden State Warriors,95,Memphis Grizzlies,134,Box Score,,17794.0,2:14,FedEx Forum,
Thu May 12 2022,7:00p,Miami Heat,99,Philadelphia 76ers,90,Box Score,,21082.0,2:16,Wells Fargo Center,
Thu May 12 2022,9:30p,Phoenix Suns,86,Dallas Mavericks,113,Box Score,,20777.0,2:23,American Airlines Center,
Fri May 13 2022,7:30p,Boston Celtics,108,Milwaukee Bucks,95,Box Score,,17681.0,2:27,Fiserv Forum,
Fri May 13 2022,10:00p,Memphis Grizzlies,96,Golden State Warriors,110,Box Score,,18064.0,2:17,Chase Center,
Sun May 15 2022,3:30p,Milwaukee Bucks,81,Boston Celtics,109,Box Score,,19156.0,2:27,TD Garden,
Sun May 15 2022,8:00p,Dallas Mavericks,123,Phoenix Suns,90,Box Score,,17071.0,2:07,Phoenix Suns Arena,
Tue May 17 2022,8:30p,Boston Celtics,107,Miami Heat,118,Box Score,,19774.0,2:39,FTX Arena,
Wed May 18 2022,9:00p,Dallas Mavericks,87,Golden State Warriors,112,Box Score,,18064.0,2:15,Chase Center,
Thu May 19 2022,8:30p,Boston Celtics,127,Miami Heat,102,Box Score,,20100.0,2:16,FTX Arena,
Fri May 20 2022,9:00p,Dallas Mavericks,117,Golden State Warriors,126,Box Score,,18064.0,2:33,Chase Center,
Sat May 21 2022,8:30p,Miami Heat,109,Boston Celtics,103,Box Score,,19156.0,2:37,TD Garden,
Sun May 22 2022,9:00p,Golden State Warriors,109,Dallas Mavericks,100,Box Score,,20813.0,2:34,American Airlines Center,
Mon May 23 2022,8:30p,Miami Heat,82,Boston Celtics,102,Box Score,,19156.0,2:20,TD Garden,
Tue May 24 2022,9:00p,Golden State Warriors,109,Dallas Mavericks,119,Box Score,,20810.0,2:32,American Airlines Center,
Wed May 25 2022,8:30p,Boston Celtics,93,Miami Heat,80,Box Score,,19819.0,2:20,FTX Arena,
Thu May 26 2022,9:00p,Dallas Mavericks,110,Golden State Warriors,120,Box Score,,18064.0,2:17,Chase Center,
Fri May 27 2022,8:30p,Miami Heat,111,Boston Celtics,103,Box Score,,19156.0,2:41,TD Garden,
Sun May 29 2022,8:30p,Boston Celtics,100,Miami Heat,96,Box Score,,20200.0,2:30,FTX Arena,
Thu Jun 2 2022,9:00p,Boston Celtics,120,Golden State Warriors,108,Box Score,,18064.0,2:19,Chase Center,
Sun Jun 5 2022,8:00p,Boston Celtics,88,Golden State Warriors,107,Box Score,,18064.0,2:28,Chase Center,
Wed Jun 8 2022,9:00p,Golden State Warriors,100,Boston Celtics,116,Box Score,,19156.0,2:26,TD Garden,
Fri Jun 10 2022,9:00p,Golden State Warriors,107,Boston Celtics,97,Box Score,,19156.0,2:21,TD Garden,
Mon Jun 13 2022,9:00p,Boston Celtics,94,Golden State Warriors,104,Box Score,,18064.0,2:27,Chase Center,
Thu Jun 16 2022,9:00p,Golden State Warriors,103,Boston Celtics,90,Box Score,,19156.0,2:20,TD Garden,
